seller_id_values,seller_city,seller_state,total_products,total_orders,Revenue_2016,Revenue_2017,Revenue_2018,total_revenue
S00007,guarulhos,SP,15,15,0,0,917.03,917.03
S00010,sa~o paulo,SP,138,138,0,19626.23,19626.23,39252.46
S00017,timoteo,MG,14,14,0,7317.63,7317.63,14635.26
S00036,curitiba,PR,30,30,0,4463.88,4463.88,8927.76
S00041,sao jose dos campos,SP,2,2,0,0,557.85,557.85
S00044,maua,SP,9,9,0,0,1250.66,1250.66
S00048,bombinhas,SC,94,94,0,63184.99,63184.99,126369.98
S00050,osasco,SP,3,3,0,0,149.38,149.38
S00057,sa~o paulo,SP,10,10,0,1261.95,1261.95,2523.9
S00063,criciuma,SC,4,4,0,0,1168.67,1168.67
S00065,santo andre,SP,63,63,0,8400.95,8400.95,16801.9
S00067,goiania,GO,10,10,0,1148.94,1148.94,2297.88
S00069,barueri,SP,1,1,0,0,188.42,188.42
S00071,sa~o paulo,SP,5,5,0,0,210.43,210.43
S00078,sa~o paulo,SP,62,62,0,5441.84,5441.84,10883.68
S00080,londrina,PR,47,47,0,5737.9,5737.9,11475.8
S00091,ribeirao preto,SP,3,3,0,139.36,139.36,278.72
S00094,sa~o paulo,SP,5,5,0,0,272.94,272.94
S00098,ibitinga,SP,9,9,0,0,889,889
S00101,osasco,SP,82,82,0,15355.78,15355.78,30711.56
S00106,taubate,SP,6,6,0,0,379.13,379.13
S00107,ribeirao pires,SP,74,74,0,7158.95,7158.95,14317.9
S00111,itapevi,SP,6,6,0,0,266.4,266.4
S00117,canoas,RS,2,2,0,1444.37,1444.37,2888.74
S00120,ribeirao preto,SP,19,19,0,0,1978.23,1978.23
S00122,sa~o paulo,SP,5,5,0,406.17,0,406.17
S00123,sa~o paulo,SP,17,17,0,5600.21,5600.21,11200.42
S00124,sa~o paulo,SP,5,5,0,0,560.36,560.36
S00129,alfenas,MG,2,2,0,0,958.78,958.78
S00130,sa~o paulo,SP,4,4,0,0,518.8,518.8
S00132,rio de janeiro,RJ,6,6,0,1564.72,1564.72,3129.44
S00134,curitiba,PR,2,2,0,201.27,201.27,402.54
S00139,sa~o paulo,SP,1,1,0,168.36,0,168.36
S00143,teixeira soares,PR,72,72,0,14401.81,14401.81,28803.62
S00148,maringa,PR,173,173,0,26420.78,26420.78,52841.56
S00156,valinhos,SP,65,65,0,3491.1,3491.1,6982.2
S00157,ponta grossa,PR,5,5,0,567.11,0,567.11
S00161,sa~o paulo,SP,22,22,0,875.83,875.83,1751.66
S00165,goiania,GO,2,2,0,0,183.63,183.63
S00176,contagem,MG,32,32,0,3661.68,3661.68,7323.36
S00178,americana,SP,43,43,0,2829.25,2829.25,5658.5
S00186,ourinhos,SP,3,3,0,0,498.35,498.35
S00187,caxias do sul,RS,10,10,0,939.96,939.96,1879.92
S00188,presidente prudente,SP,34,34,0,0,2685.47,2685.47
S00196,santa rita do sapucai,MG,3,3,0,0,287.76,287.76
S00198,sa~o paulo,SP,7,7,0,0,1077.9,1077.9
S00202,São Bernardo do Campo,SP,62,62,0,2645.41,2645.41,5290.82
S00212,angra dos reis,RJ,4,4,0,0,1901.21,1901.21
S00216,sa~o paulo,SP,2,2,0,436.67,0,436.67
S00224,valinhos,SP,1,1,0,0,922.84,922.84
S00227,sa~o paulo,SP,18,18,0,2400.3,2400.3,4800.6
S00228,sa~o paulo,SP,49,49,0,0,1607.3,1607.3
S00234,pedreira,SP,1,1,31.92,0,0,31.92
S00237,pitanga,PR,11,11,0,0,1433.16,1433.16
S00238,sa~o paulo,SP,21,21,0,869.17,869.17,1738.34
S00240,nova friburgo,RJ,29,29,0,1481.44,1481.44,2962.88
S00241,sa~o paulo,SP,28,28,0,0,2135.63,2135.63
S00243,sao jose do rio preto,SP,6,6,0,923.05,923.05,1846.1
S00245,garuva,SC,6,6,0,404.93,0,404.93
S00249,maringa,PR,3,3,0,645.97,645.97,1291.94
S00252,rio de janeiro,RJ,1,1,0,39.86,0,39.86
S00266,sa~o paulo,SP,11,11,0,0,2211.38,2211.38
S00270,bariri,SP,30,30,0,10156.84,10156.84,20313.68
S00271,sao vicente,SP,2,2,0,0,397.61,397.61
S00001,santo andre,SP,3,3,0,2748.06,0,2748.06
S00004,franca,SP,55,55,0,2028.16,2028.16,4056.32
S00008,sa~o paulo,SP,1,1,0,110.08,0,110.08
S00011,maringa,PR,109,109,0,0,12126.36,12126.36
S00022,francisco beltrao,PR,61,61,11131.09,11131.09,11131.09,33393.27
S00023,mogi das cruzes,SP,5,5,0,1533.71,0,1533.71
S00025,londrina,PR,129,129,0,17441.29,17441.29,34882.58
S00026,curitiba,PR,242,242,0,37904.3900000001,37904.3900000001,75808.7800000001
S00029,ribeirao das neves,MG,1,1,0,39.29,0,39.29
S00032,americana,SP,13,13,0,1762.59,1762.59,3525.18
S00033,natal,RN,14,14,0,5803.74,5803.74,11607.48
S00035,santo andre,SP,22,22,0,5208.93,5208.93,10417.86
S00039,ibitinga,SP,2,2,47.37,0,0,47.37
S00042,ribeirao pires,SP,9,9,0,0,215.55,215.55
S00046,sao bento do sul,SC,13,13,0,0,2501.75,2501.75
S00051,ivoti,RS,1,1,0,0,737.38,737.38
S00054,santo antonio de padua,RJ,16,16,0,2922.33,2922.33,5844.66
S00058,Belo Horizonte,MG,92,92,0,4932.76,4932.76,9865.52
S00060,itajobi,SP,21,21,0,10280.49,10280.49,20560.98
S00074,santo angelo,RS,61,61,23387.14,23387.14,23387.14,70161.42
S00081,sa~o paulo,SP,4,4,0,0,205.72,205.72
S00084,maringa,PR,26,26,0,0,8332.26,8332.26
S00088,guarulhos,SP,17,17,0,1629.59,1629.59,3259.18
S00108,barueri,SP,6,6,0,0,7426.65,7426.65
S00116,santos,SP,3,3,0,0,522.83,522.83
S00118,sa~o paulo,SP,1,1,0,35.01,0,35.01
S00125,São Bernardo do Campo,SP,51,51,0,12534.51,12534.51,25069.02
S00131,sa~o paulo,SP,14,14,0,1910.87,1910.87,3821.74
S00135,sorocaba,SP,8,8,0,1579.66,1579.66,3159.32
S00140,guarulhos,SP,3,3,0,0,1550.64,1550.64
S00142,sao roque,SP,1,1,0,0,62.87,62.87
S00144,jaragua do sul,SC,1,1,0,52.2,0,52.2
S00149,itajai,SC,137,137,0,9893.45,9893.45,19786.9
S00153,sa~o paulo,SP,9,9,0,0,1514.34,1514.34
S00158,tres coracoes,MG,193,193,19105.83,19105.83,19105.83,57317.49
S00166,santos,SP,132,132,10606.19,10606.19,10606.19,31818.57
S00167,guarulhos,SP,163,163,0,20039.18,20039.18,40078.36
S00170,porto ferreira,SP,3,3,0,0,133.6,133.6
S00172,sa~o paulo,SP,3,3,0,0,192.1,192.1
S00173,itajai,SC,8,8,0,1125.42,1125.42,2250.84
S00179,santana de parnaiba,SP,1,1,0,70.93,0,70.93
S00180,curitiba,PR,48,48,0,4894.38,4894.38,9788.76
S00183,pedrinhas paulista,SP,3,3,0,0,240.06,240.06
S00190,sao jose do rio preto,SP,3,3,0,1199.31,0,1199.31
S00192,rio claro,SP,5,5,0,0,475.21,475.21
S00193,sa~o paulo,SP,953,953,0,138779.55,138779.55,277559.1
S00194,campinas,SP,4,4,0,0,326.46,326.46
S00199,campinas,SP,118,118,0,7663.58,7663.58,15327.16
S00200,uba,MG,35,35,7033.66,7033.66,7033.66,21100.98
S00201,aparecida,SP,39,39,0,1330.13,1330.13,2660.26
S00203,catanduva,SP,2,2,0,0,831.01,831.01
S00205,sao miguel do oeste,SC,2,2,0,0,737.14,737.14
S00209,ribeirao preto,SP,3,3,0,120.19,0,120.19
S00210,sa~o paulo,SP,5,5,0,927.83,0,927.83
S00211,sa~o paulo,SP,3,3,0,0,1596.66,1596.66
S00226,rio de janeiro,RJ,4,4,0,765.22,0,765.22
S00236,sa~o paulo,SP,9,9,0,4246.02,0,4246.02
S00244,ipe,RS,2,2,0,0,330.06,330.06
S00247,monte siao,MG,249,249,34561.82,34561.82,34561.82,103685.46
S00248,sa~o paulo,SP,23,23,0,2644,2644,5288
S00250,muqui,ES,25,25,0,4198.33,4198.33,8396.66
S00251,sa~o paulo,SP,1,1,0,195.81,0,195.81
S00253,bauru,SP,2,2,0,102.89,102.89,205.78
S00255,conselheiro lafaiete,MG,8,8,0,0,433.95,433.95
S00002,cariacica,ES,201,201,0,28696.45,28696.45,57392.9
S00003,sao goncalo,RJ,1,1,0,0,267.94,267.94
S00005,goiania,GO,1,1,0,139.38,0,139.38
S00006,ibitinga,SP,161,161,0,21987.13,21987.13,43974.26
S00009,Belo Horizonte,MG,1,1,0,0,137.1,137.1
S00012,sa~o paulo,SP,2,2,0,1447.95,0,1447.95
S00013,São Bernardo do Campo,SP,1,1,0,0,215.95,215.95
S00015,curitiba,PR,3,3,0,0,137.48,137.48
S00016,curitiba,PR,26,26,0,2089.37,2089.37,4178.74
S00019,ibitinga,SP,38,38,0,5926.63,5926.63,11853.26
S00021,catanduva,SP,9,9,0,537.07,537.07,1074.14
S00024,sa~o paulo,SP,31,31,0,0,1494.16,1494.16
S00028,sa~o paulo,SP,2,2,250.8,250.8,0,501.6
S00031,ibitinga,SP,4,4,0,0,748.64,748.64
S00034,contagem,MG,16,16,0,1693.33,1693.33,3386.66
S00038,sao jose do rio preto,SP,7,7,5003.57,5003.57,0,10007.14
S00040,blumenau,SC,8,8,0,0,240.26,240.26
S00053,cosmopolis,SP,11,11,0,4305.09,4305.09,8610.18
S00055,sa~o paulo,SP,23,23,0,1579.26,1579.26,3158.52
S00059,rodeio,SC,4,4,0,2970.42,0,2970.42
S00062,sa~o paulo,SP,6,6,0,0,421.2,421.2
S00066,sa~o paulo,SP,1,1,0,0,59.39,59.39
S00070,alfenas,MG,66,66,0,7438.93,7438.93,14877.86
S00077,paincandu,PR,9,9,0,10918.74,0,10918.74
S00083,Belo Horizonte,MG,18,18,0,1862.33,1862.33,3724.66
S00087,sa~o paulo,SP,33,33,0,3578.4,3578.4,7156.8
S00090,saquarema,RJ,15,15,555.49,555.49,0,1110.98
S00097,sa~o paulo,SP,2,2,0,0,759.59,759.59
S00105,botucatu,SP,18,18,0,2484.39,2484.39,4968.78
S00114,Belo Horizonte,MG,1,1,0,0,605.57,605.57
S00115,marilia,SP,17,17,0,1144.24,0,1144.24
S00119,osasco,SP,27,27,0,1559.73,1559.73,3119.46
S00126,contagem,MG,1,1,0,0,86.67,86.67
S00128,jundiai,SP,12,12,0,0,805.65,805.65
S00133,louveira,SP,112,112,0,16070.98,16070.98,32141.96
S00138,uberlandia,MG,25,25,0,1613.78,1613.78,3227.56
S00146,Belo Horizonte,MG,1,1,0,30.86,0,30.86
S00147,canoas,RS,4,4,0,0,205.81,205.81
S00151,sao roque,SP,30,30,0,3000.18,3000.18,6000.36
S00155,rio de janeiro,RJ,6,6,0,436.99,436.99,873.98
S00160,tres coracoes,MG,40,40,6008.25,6008.25,6008.25,18024.75
S00162,ribeirao preto,SP,4,4,0,892.03,0,892.03
S00164,uberlandia,MG,52,52,0,5618.28,5618.28,11236.56
S00169,betim,MG,87,87,0,11316.85,11316.85,22633.7
S00171,francisco morato,SP,6,6,0,293.38,293.38,586.76
S00177,goiania,GO,3,3,0,0,294.1,294.1
S00181,franca,SP,4,4,0,0,481.38,481.38
S00185,florianopolis,SC,1,1,0,27.59,0,27.59
S00191,rio claro,SP,1,1,0,394.49,0,394.49
S00197,pederneiras,SP,9,9,0,1459.53,1459.53,2919.06
S00206,sa~o paulo,SP,2,2,0,206.82,206.82,413.64
S00217,montenegro,RS,135,135,0,30342.69,30342.69,60685.38
S00220,sa~o paulo,SP,4,4,0,0,406.41,406.41
S00221,assis,SP,74,74,0,5823.9,5823.9,11647.8
S00223,sa~o paulo,SP,9,9,0,1004,0,1004
S00225,caxias do sul,RS,6,6,0,0,1063.97,1063.97
S00229,sa~o paulo,SP,1,1,0,37.68,0,37.68
S00230,ponta grossa,PR,8,8,0,0,596.51,596.51
S00231,osasco,SP,23,23,0,4755.88,4755.88,9511.76
S00233,Santa Bárbara d'Oeste,SP,3,3,0,0,151.14,151.14
S00235,santos,SP,8,8,0,536.89,536.89,1073.78
S00239,lauro de freitas,BA,1,1,0,0,2818.74,2818.74
S00242,santo andre,SP,38,38,0,4441,4441,8882
S00256,sa~o paulo,SP,8,8,0,0,1983.29,1983.29
S00273,guarulhos,SP,28,28,0,3086.15,3086.15,6172.3
S00275,anapolis,GO,11,11,0,2495.41,2495.41,4990.82
S00280,betim,MG,116,116,0,11047.23,11047.23,22094.46
S00281,riberao preto,SP,255,255,0,60280.73,60280.73,120561.46
S00282,sa~o paulo,SP,4,4,0,1512.99,0,1512.99
S00290,sa~o paulo,SP,4,4,0,0,397.14,397.14
S00291,sa~o paulo,SP,121,121,0,9049.72,9049.72,18099.44
S00293,ibitinga,SP,440,440,0,28187.85,28187.85,56375.7000000001
S00295,marilia,SP,1,1,0,0,178.92,178.92
S00299,assis,SP,8,8,0,2087.89,0,2087.89
S00313,bocaiuva do sul,PR,11,11,0,2490.4,2490.4,4980.8
S00320,sa~o paulo,SP,56,56,0,3976.97,0,3976.97
S00322,penapolis,SP,30,30,0,4646.78,4646.78,9293.56
S00324,sa~o paulo,SP,9,9,0,1049.57,1049.57,2099.14
S00325,joinville,SC,3,3,0,658.51,0,658.51
S00327,limeira,SP,21,21,0,0,2751.17,2751.17
S00329,santos,SP,12,12,0,11062.72,11062.72,22125.44
S00330,sarandi,PR,145,145,0,23589.12,23589.12,47178.24
S00332,sa~o paulo,SP,1,1,0,39.42,0,39.42
S00335,nova iguacu,RJ,37,37,0,1530.25,1530.25,3060.5
S00337,sa~o paulo,SP,11,11,0,0,1257.48,1257.48
S00338,fazenda rio grande,PR,9,9,0,0,1006.66,1006.66
S00339,lambari,MG,2,2,0,0,225.61,225.61
S00344,barrinha,SP,2,2,0,71.18,0,71.18
S00345,indaial,SC,4,4,0,0,226.47,226.47
S00349,sa~o paulo,SP,12,12,0,0,573.19,573.19
S00363,sa~o paulo,SP,126,126,0,18223.65,18223.65,36447.3
S00366,sa~o paulo,SP,60,60,0,4225.12,4225.12,8450.24
S00401,osasco,SP,3,3,0,120.22,0,120.22
S00402,ribeirao preto,SP,397,397,0,58850.38,58850.38,117700.76
S00404,registro,SP,25,25,3806.33,3806.33,3806.33,11418.99
S00407,uberlandia,MG,14,14,0,3969.83,3969.83,7939.66
S00412,Belo Horizonte,MG,1,1,0,109.42,0,109.42
S00414,sa~o paulo,SP,3,3,0,0,831.26,831.26
S00417,caxias do sul,RS,11,11,0,837.67,837.67,1675.34
S00423,capivari,SP,53,53,0,12721.54,12721.54,25443.08
S00425,niteroi,RJ,36,36,0,0,14452.65,14452.65
S00433,osasco,SP,165,165,0,36199.33,36199.33,72398.66
S00435,campinas,SP,4,4,0,321.77,321.77,643.54
S00440,poa,SP,142,142,0,9938.59,9938.59,19877.18
S00446,sa~o paulo,SP,108,108,12066.02,12066.02,12066.02,36198.06
S00451,sa~o paulo,SP,15,15,0,1244.65,1244.65,2489.3
S00454,curitiba,PR,10,10,0,0,696.93,696.93
S00457,curitiba,PR,12,12,0,0,636.15,636.15
S00459,franca,SP,4,4,0,0,189.68,189.68
S00462,rio de janeiro,RJ,2,2,0,0,80.75,80.75
S00468,sa~o paulo,SP,29,29,0,0,4568.71,4568.71
S00470,sa~o paulo,SP,32,32,0,4364.99,4364.99,8729.98
S00476,sa~o paulo,SP,7,7,0,0,333.18,333.18
S00479,Belo Horizonte,MG,1,1,0,0,47.04,47.04
S00481,ribeirao preto,SP,1,1,0,127.2,0,127.2
S00489,varzea alegre,CE,2,2,0,0,757.75,757.75
S00490,santa maria,RS,2,2,0,0,105.57,105.57
S00496,Brasilia,DF,1,1,0,132.12,0,132.12
S00499,jaragua do sul,SC,30,30,0,2265.28,2265.28,4530.56
S00504,rio de janeiro,RJ,10,10,0,781.12,781.12,1562.24
S00507,sa~o paulo,SP,7,7,0,935.19,935.19,1870.38
S00508,divinopolis,MG,23,23,9176.54,9176.54,9176.54,27529.62
S00509,juiz de fora,MG,4,4,0,570.83,0,570.83
S00512,irece,BA,1,1,0,0,363.79,363.79
S00514,itu,SP,6,6,0,0,840.33,840.33
S00517,tubarao,SC,16,16,0,2477.55,2477.55,4955.1
S00519,nova friburgo,RJ,31,31,0,51629.49,51629.49,103258.98
S00531,ribeirao preto,SP,1,1,0,0,119.7,119.7
S00536,sa~o paulo,SP,1,1,0,0,168.63,168.63
S00259,colombo,PR,4,4,0,980.45,980.45,1960.9
S00262,maringa,PR,53,53,0,15363.54,15363.54,30727.08
S00274,taboao da serra,SP,10,10,0,2218.17,2218.17,4436.34
S00277,ribeirao pires,SP,18,18,0,0,741.21,741.21
S00278,mogi guacu,SP,126,126,0,42366.34,42366.34,84732.68
S00279,guarulhos,SP,1,1,0,365.77,0,365.77
S00283,sa~o paulo,SP,57,57,0,54093.08,54093.08,108186.16
S00285,ibitinga,SP,494,494,0,36401.89,36401.89,72803.7800000001
S00289,rio negrinho,SC,6,6,0,0,1609.73,1609.73
S00294,Brasilia,DF,3,3,0,812.8,812.8,1625.6
S00297,guarulhos,SP,3,3,0,0,716.74,716.74
S00298,sa~o paulo,SP,2,2,0,425.76,0,425.76
S00321,sa~o paulo,SP,19,19,0,2195.61,0,2195.61
S00323,sa~o paulo,SP,84,84,0,6121.02,6121.02,12242.04
S00326,sa~o paulo,SP,202,202,0,11552.01,11552.01,23104.02
S00328,sao carlos,SP,3,3,0,0,267.39,267.39
S00331,Belo Horizonte,MG,1,1,0,0,113.69,113.69
S00333,cataguases,MG,4,4,0,0,1963.08,1963.08
S00336,curitiba,PR,1,1,0,0,43.55,43.55
S00340,sa~o paulo,SP,5,5,0,0,926.72,926.72
S00341,jaguaruna,SC,40,40,0,3100.55,3100.55,6201.1
S00342,joinville,SC,2,2,0,0,97.62,97.62
S00347,vicosa,MG,12,12,0,789.92,789.92,1579.84
S00348,sa~o paulo,SP,43,43,0,3027.54,3027.54,6055.08
S00354,ibitinga,SP,27,27,0,0,2287.5,2287.5
S00355,birigui,SP,13,13,0,1389.79,1389.79,2779.58
S00359,jaguariuna,SP,2,2,0,0,292.39,292.39
S00370,sa~o paulo,SP,1,1,0,0,57.29,57.29
S00372,curitiba,PR,7,7,0,942.54,942.54,1885.08
S00374,sa~o paulo,SP,1,1,0,0,15.9,15.9
S00375,maua,SP,2,2,0,0,103.95,103.95
S00379,santa cecilia,SC,1,1,0,319.29,0,319.29
S00382,borda da mata,MG,1,1,0,0,88.13,88.13
S00384,porto ferreira,SP,2,2,0,0,334.3,334.3
S00385,guarapuava,PR,3,3,0,820.27,0,820.27
S00389,laguna,SP,3,3,0,0,280.75,280.75
S00390,itu,SP,7,7,0,0,531.38,531.38
S00392,andira-pr,PR,32,32,0,1040.68,1040.68,2081.36
S00394,sa~o paulo,SP,50,50,0,3342.2,3342.2,6684.4
S00395,Santa Bárbara d'Oeste,SP,1,1,0,29.42,0,29.42
S00399,sete lagoas,MG,3,3,0,0,216.86,216.86
S00400,sa~o paulo,SP,22,22,0,3433.89,3433.89,6867.78
S00406,itaquaquecetuba,SP,2,2,0,0,334.29,334.29
S00409,curitiba,PR,11,11,0,0,1245.58,1245.58
S00410,bandeirantes,PR,5,5,0,0,769.44,769.44
S00411,Belo Horizonte,MG,127,127,15451.08,15451.08,15451.08,46353.24
S00416,porto ferreira,SP,72,72,6280.81,6280.81,6280.81,18842.43
S00419,dois corregos,SP,29,29,0,4387.94,4387.94,8775.88
S00428,sao jose do rio preto,SP,1,1,0,0,121.51,121.51
S00432,serra redonda,PB,1,1,0,412.12,0,412.12
S00438,apucarana,PR,12,12,0,0,8806.18,8806.18
S00443,cotia,SP,50,50,0,2359.55,2359.55,4719.1
S00445,praia grande,SP,17,17,0,1571.71,0,1571.71
S00450,jaci,SP,1,1,0,0,546.55,546.55
S00456,pedregulho,SP,7,7,0,745.92,745.92,1491.84
S00461,sa~o paulo,SP,1,1,0,0,154.78,154.78
S00464,maua,SP,1,1,0,0,111.76,111.76
S00467,praia grande,SP,1,1,0,0,118.59,118.59
S00469,sa~o paulo,SP,31,31,0,2054.91,0,2054.91
S00473,campinas,SP,8,8,0,452.27,0,452.27
S00475,Belo Horizonte,MG,101,101,0,7420.51,7420.51,14841.02
S00480,itaporanga,SP,3,3,0,0,270.36,270.36
S00486,sa~o paulo,SP,14,14,0,597.98,597.98,1195.96
S00493,Belo Horizonte,MG,52,52,0,3517.2,3517.2,7034.40000000001
S00264,imbituba,SC,2,2,0,109,0,109
S00267,sa~o paulo,SP,1,1,0,0,61.08,61.08
S00268,minas gerais,MG,1,1,0,0,356.11,356.11
S00272,santana de parnaiba,SP,1,1,0,252.35,0,252.35
S00276,Belo Horizonte,MG,2,2,0,115.52,115.52,231.04
S00286,Belo Horizonte,MG,64,64,0,3872.21,3872.21,7744.42
S00292,varzea paulista,SP,31,31,0,0,1102.38,1102.38
S00301,jacutinga,MG,25,25,0,2225.38,0,2225.38
S00303,pradopolis,SP,10,10,0,0,3183.43,3183.43
S00306,americana,SP,4,4,0,219.62,0,219.62
S00308,São Bernardo do Campo,SP,1,1,0,39.34,0,39.34
S00311,sa~o paulo,SP,10,10,0,458.5,0,458.5
S00316,sao ludgero,SC,113,113,0,17105.13,17105.13,34210.26
S00317,maringa,PR,1,1,0,65.81,0,65.81
S00318,rio do sul,SC,5,5,0,0,1254.35,1254.35
S00334,santana de parnaiba,SP,125,125,0,13651.73,13651.73,27303.46
S00351,Belo Horizonte,MG,1,1,0,0,78.32,78.32
S00353,sa~o paulo,SP,284,284,0,11568.77,11568.77,23137.54
S00356,sa~o paulo,SP,8,8,0,1641.74,1641.74,3283.48
S00360,campinas,SP,1,1,0,166.71,0,166.71
S00361,catanduva,SP,3,3,0,291.62,0,291.62
S00362,sa~o paulo,SP,10,10,0,281.39,0,281.39
S00367,sa~o paulo,SP,28,28,0,16396.07,16396.07,32792.14
S00368,sa~o paulo,SP,1,1,0,0,53.47,53.47
S00383,curitiba,PR,12,12,0,791.29,0,791.29
S00408,sa~o paulo,SP,1,1,0,204.76,0,204.76
S00413,maringa,PR,4,4,0,0,140.43,140.43
S00418,mogi mirim,SP,9,9,0,0,1125.61,1125.61
S00420,sao pedro,SP,23,23,0,0,4211.07,4211.07
S00426,jundiai,SP,3,3,0,3616.51,3616.51,7233.02
S00429,Brasilia,DF,4,4,0,575.07,0,575.07
S00430,rio de janeiro,RJ,3,3,0,0,386.99,386.99
S00436,curitiba,PR,2,2,0,124.33,124.33,248.66
S00439,cianorte,PR,1,1,0,0,71.45,71.45
S00441,São Bernardo do Campo,SP,5,5,0,0,907.55,907.55
S00444,igaracu do tiete,SP,6,6,0,347.76,347.76,695.52
S00447,brusque,SC,4,4,0,301.32,301.32,602.64
S00449,São Bernardo do Campo,SP,2,2,0,0,115.11,115.11
S00452,guarulhos,SP,3,3,0,0,127.36,127.36
S00458,apucarana,PR,36,36,0,8699.1,8699.1,17398.2
S00463,sa~o paulo,SP,19,19,0,9359.33,9359.33,18718.66
S00465,sa~o paulo,SP,28,28,0,1629.16,1629.16,3258.32
S00471,Belo Horizonte,MG,33,33,0,0,3371.41,3371.41
S00472,itajai,SC,1,1,0,0,576.31,576.31
S00474,sa~o paulo,SP,8,8,0,4466.31,0,4466.31
S00477,caxias do sul,RS,1,1,0,0,1038.9,1038.9
S00482,sa~o paulo,SP,6,6,0,896.93,896.93,1793.86
S00484,sao jose do rio preto,SP,4,4,0,569.26,569.26,1138.52
S00487,curitiba,PR,2,2,0,0,149.61,149.61
S00488,curitiba,PR,8,8,0,0,976.73,976.73
S00491,juiz de fora,MG,4,4,0,0,558.92,558.92
S00492,Balneário Camboriú,SC,5,5,0,514.16,0,514.16
S00494,sa~o paulo,SP,2,2,0,0,3063.98,3063.98
S00497,formiga,MG,53,53,0,18571.11,18571.11,37142.22
S00501,maringa,PR,3,3,0,192.04,0,192.04
S00502,sa~o paulo,SP,52,52,0,5506.38,5506.38,11012.76
S00503,Belo Horizonte,MG,164,164,0,18766.78,18766.78,37533.56
S00511,sa~o paulo,SP,52,52,0,22090.82,22090.82,44181.64
S00513,sa~o paulo,SP,4,4,0,144.75,0,144.75
S00516,sa~o paulo,SP,1,1,0,107.9,0,107.9
S00520,Belo Horizonte,MG,1,1,0,0,57.51,57.51
S00525,castro pires,MG,1,1,0,0,359.91,359.91
S00528,mogi das cruzes,SP,126,126,0,6942.73,6942.73,13885.46
S00555,campinas,SP,203,203,0,0,44189.96,44189.96
S00558,sao jose dos campos,SP,3,3,0,78.7,0,78.7
S00562,sao jose,SC,1,1,0,147.35,0,147.35
S00563,sa~o paulo,SP,11,11,0,0,422.31,422.31
S00564,afonso claudio,ES,5,5,377.17,377.17,0,754.34
S00567,barueri,SP,2,2,0,171.85,0,171.85
S00569,volta redonda,RJ,5,5,0,761.29,761.29,1522.58
S00570,joinville,SC,10,10,0,6874.14,0,6874.14
S00575,parai,RS,22,22,0,0,4919.44,4919.44
S00578,sa~o paulo,SP,17,17,0,0,1234.73,1234.73
S00580,guarulhos,SP,9,9,0,0,796.92,796.92
S00585,São Bernardo do Campo,SP,6,6,0,0,313.68,313.68
S00588,cachoeiro de itapemirim,ES,5,5,0,0,427.13,427.13
S00590,sao jose do rio preto,SP,2,2,0,0,84.89,84.89
S00595,catanduva,SP,1,1,0,0,545.51,545.51
S00598,sa~o paulo,SP,5,5,0,0,304.87,304.87
S00608,porto alegre,RS,43,43,0,8642.18,8642.18,17284.36
S00618,penapolis,SP,78,78,0,8229.88999999999,8229.88999999999,16459.78
S00621,sa~o paulo,SP,1,1,0,0,169.39,169.39
S00623,campinas,SP,3,3,0,246.6,0,246.6
S00624,cascavael,PR,1,1,0,37.09,0,37.09
S00629,congonhas,MG,40,40,0,14199.6,14199.6,28399.2
S00633,canoas,RS,4,4,0,0,299.89,299.89
S00634,ribeirao preto,SP,6,6,0,573.34,573.34,1146.68
S00639,sao caetano do sul,SP,2,2,345.2,345.2,0,690.4
S00641,sao caetano do sul,SP,6,6,0,0,860.33,860.33
S00645,campinas,SP,2,2,0,171.38,0,171.38
S00647,dracena,SP,233,233,0,9162.21000000002,9162.21000000002,18324.42
S00656,mucambo,CE,9,9,0,652.9,652.9,1305.8
S00660,sa~o paulo,SP,6,6,0,611.05,0,611.05
S00668,campinas,SP,2,2,0,0,163.2,163.2
S00672,rio de janeiro,RJ,2,2,0,0,88.56,88.56
S00675,sa~o paulo,SP,12,12,0,782.1,782.1,1564.2
S00676,santo andre,SP,5,5,0,0,8622.37,8622.37
S00677,rolante,RS,8,8,0,516.2,0,516.2
S00682,sa~o paulo,SP,23,23,0,1803.04,1803.04,3606.08
S00686,uniao da vitoria,PR,1,1,0,0,77.38,77.38
S00692,campinas,SP,1,1,0,217.71,0,217.71
S00695,limeira,SP,1,1,0,0,19.29,19.29
S00696,sao jose do rio preto,SP,30,30,0,6868.62,6868.62,13737.24
S00697,Belo Horizonte,MG,6,6,0,0,419.07,419.07
S00700,ibitinga,SP,26,26,0,3758.12,3758.12,7516.24
S00702,maringa,PR,48,48,0,7863.5,7863.5,15727
S00708,mandirituba,PR,15,15,0,0,4005.32,4005.32
S00718,joinville,SC,9,9,0,527.57,527.57,1055.14
S00723,ibitinga,SP,3,3,0,0,750.53,750.53
S00727,rio de janeiro,RJ,23,23,0,0,1159.66,1159.66
S00733,sa~o paulo,SP,43,43,0,0,4008.78,4008.78
S00737,sa~o paulo,SP,2,2,0,334.43,334.43,668.86
S00746,barbacena,MG,1,1,0,0,192.94,192.94
S00750,sa~o paulo,SP,40,40,0,4726.57,4726.57,9453.14
S00752,joinville,SC,1,1,0,158.45,0,158.45
S00755,londrina,PR,7,7,0,0,702.06,702.06
S00758,caxias do sul,RS,3,3,0,165.19,0,165.19
S00764,rio de janeiro,RJ,1,1,0,86.74,0,86.74
S00768,Belo Horizonte,MG,7,7,0,423.46,423.46,846.92
S00769,juiz de fora,MG,8,8,0,378.36,378.36,756.72
S00770,caieiras,SP,2,2,0,481.5,0,481.5
S00775,recife,PE,12,12,0,0,23823.99,23823.99
S00776,francisco beltrao,PR,2,2,0,0,157,157
S00780,Brasilia,DF,4,4,0,505.4,0,505.4
S00782,sa~o paulo,SP,1,1,0,0,40.38,40.38
S00785,santo andre,SP,201,201,0,18901.54,18901.54,37803.08
S00495,porto ferreira,SP,55,55,0,5355.61,5355.61,10711.22
S00500,sao caetano do sul,SP,1,1,0,0,190.74,190.74
S00505,porto alegre,RS,2,2,0,0,123.87,123.87
S00510,sa~o paulo,SP,6,6,0,0,363.28,363.28
S00515,Belo Horizonte,MG,6,6,0,1450.52,0,1450.52
S00518,londrina,PR,7,7,0,0,427.56,427.56
S00521,santa maria,RS,1,1,0,0,68.35,68.35
S00522,barueri,SP,8,8,0,590.44,590.44,1180.88
S00523,Belo Horizonte,MG,3,3,0,0,930.17,930.17
S00526,curitiba,PR,2,2,0,52.27,52.27,104.54
S00532,londrina,PR,1,1,0,0,119.69,119.69
S00533,macae,RJ,3,3,0,0,377.39,377.39
S00541,osasco,SP,1,1,0,55.96,0,55.96
S00546,santo andre,SP,7,7,0,239.58,0,239.58
S00550,curitiba,PR,1,1,0,0,65.93,65.93
S00560,ribeirao preto,SP,11,11,0,2370.6,0,2370.6
S00565,cachoeiro de itapemirim,ES,3,3,0,1460.85,1460.85,2921.7
S00568,sa~o paulo,SP,2,2,0,0,65.76,65.76
S00602,vargem grande do sul,SP,2,2,0,0,402.43,402.43
S00605,curitiba,PR,31,31,0,3187.63,3187.63,6375.26
S00606,maringa,PR,31,31,0,3334.42,3334.42,6668.84
S00607,porto velho,RO,6,6,0,3853.85,0,3853.85
S00612,londrina,PR,19,19,0,6744.48,6744.48,13488.96
S00615,joinville,SC,9,9,0,0,300.27,300.27
S00616,vila velha,ES,5,5,0,0,7168.41,7168.41
S00617,condor,RS,1,1,0,0,43.13,43.13
S00620,campinas,SP,24,24,0,1234.7,1234.7,2469.4
S00630,campo bom,RS,8,8,0,0,2578.5,2578.5
S00638,londrina,PR,7,7,0,586.79,586.79,1173.58
S00643,santos,SP,154,154,0,11236.99,11236.99,22473.98
S00644,toledo,PR,2,2,0,0,158.62,158.62
S00649,sa~o paulo,SP,1,1,0,0,111.91,111.91
S00651,São José dos Pinhais,PR,1,1,0,0,224.44,224.44
S00652,ampere,PR,21,21,0,1798.64,1798.64,3597.28
S00655,limeira,SP,7,7,0,4413.26,4413.26,8826.52
S00657,curitiba,PR,46,46,0,8355.01,8355.01,16710.02
S00662,sao jose dos campos,SP,1,1,0,0,47.43,47.43
S00666,marilia,SP,1,1,0,36.84,0,36.84
S00671,cerqueira cesar,SP,20,20,0,2227.59,2227.59,4455.18
S00673,sa~o paulo,SP,16,16,0,0,1965.03,1965.03
S00674,bauru,SP,8,8,0,0,545.35,545.35
S00679,salvador,BA,1,1,0,0,161.37,161.37
S00681,goiania,GO,11,11,0,984.21,984.21,1968.42
S00683,sa~o paulo,SP,8,8,0,0,525.8,525.8
S00684,goiania,GO,3,3,0,0,1056.75,1056.75
S00685,sa~o paulo,SP,15,15,0,2378.63,2378.63,4757.26
S00687,sa~o paulo,SP,3,3,0,0,176.31,176.31
S00691,osasco,SP,18,18,0,2457.4,2457.4,4914.8
S00693,goiania,GO,1,1,0,0,48.94,48.94
S00694,sa~o paulo,SP,36,36,0,0,5650.44,5650.44
S00699,santo andre,SP,1,1,0,0,335.09,335.09
S00705,sa~o paulo,SP,83,83,0,6222.3,6222.3,12444.6
S00706,osasco,SP,1,1,0,50.67,0,50.67
S00710,jaragua do sul,SC,10,10,0,1222.89,0,1222.89
S00712,colombo,PR,32,32,0,4012.98,4012.98,8025.96
S00715,curitiba,PR,14,14,0,2235.1,2235.1,4470.2
S00716,São Bernardo do Campo,SP,5,5,0,0,3221.53,3221.53
S00721,itapevi,SP,3,3,0,234.04,0,234.04
S00724,sorocaba,SP,9,9,0,0,1173.94,1173.94
S00729,jacarei,SP,2,2,0,54.42,54.42,108.84
S00731,sertanopolis,SP,3,3,0,235.11,0,235.11
S00734,fortaleza,CE,1,1,0,0,86.43,86.43
S00739,jales,SP,55,55,0,3680.44,3680.44,7360.88
S00741,sa~o paulo,SP,1,1,0,0,42.34,42.34
S00014,pompeia,SP,1,1,64.58,0,0,64.58
S00018,maringa,PR,11,11,0,824.95,824.95,1649.9
S00020,uruacu,GO,11,11,0,1798.87,1798.87,3597.74
S00027,sa~o paulo,SP,11,11,0,531.88,531.88,1063.76
S00030,rio de janeiro,RJ,2,2,0,93.85,0,93.85
S00037,botucatu,SP,44,44,0,0,7207.63,7207.63
S00043,sa~o paulo,SP,5,5,0,0,13273.42,13273.42
S00045,uberlandia,MG,3,3,0,0,417.42,417.42
S00047,sorocaba,SP,3,3,0,0,478.57,478.57
S00049,maua,SP,90,90,0,8999.62,8999.62,17999.24
S00052,franca,SP,51,51,0,10551.06,10551.06,21102.12
S00056,lajeado,RS,1,1,0,0,314.32,314.32
S00061,queimados,RJ,65,65,0,13464.86,13464.86,26929.72
S00064,rio de janeiro,RJ,12,12,0,2048.13,2048.13,4096.26
S00068,sa~o paulo,SP,2,2,0,0,120.88,120.88
S00072,Belo Horizonte,MG,60,60,0,14697.79,14697.79,29395.58
S00073,mogi das cruzes,SP,6,6,0,10050.04,10050.04,20100.08
S00075,sa~o paulo,SP,2,2,0,0,157.08,157.08
S00076,lajeado,RS,55,55,0,8130.82,0,8130.82
S00079,foz do iguacu,PR,68,68,10632.3,10632.3,10632.3,31896.9
S00082,sao luis,MA,397,397,0,0,47757.8,47757.8
S00085,porto alegre,RS,93,93,0,24017.98,24017.98,48035.96
S00086,joao pessoa,PB,8,8,0,1035.37,1035.37,2070.74
S00089,sa~o paulo,SP,4,4,0,0,403.22,403.22
S00092,sorocaba,SP,4,4,0,95.78,95.78,191.56
S00093,Belo Horizonte,MG,7,7,0,0,660.66,660.66
S00095,sa~o paulo,SP,1,1,0,135.49,0,135.49
S00096,sa~o paulo,SP,18,18,0,1729.45,1729.45,3458.9
S00099,sa~o paulo,SP,2,2,0,0,74.86,74.86
S00100,Belo Horizonte,MG,126,126,0,7747.51,7747.51,15495.02
S00102,osasco,SP,4,4,0,182.22,0,182.22
S00103,sa~o paulo,SP,12,12,0,0,606.79,606.79
S00104,vespasiano,MG,4,4,0,1576.84,1576.84,3153.68
S00109,ferraz de vasconcelos,SP,28,28,0,2953.7,2953.7,5907.4
S00110,cananeia,SP,12,12,0,1862.35,0,1862.35
S00112,uba,MG,4,4,0,0,2801.24,2801.24
S00113,cascavel,PR,12,12,0,557.84,557.84,1115.68
S00121,taboao da serra,SP,7,7,0,0,580.32,580.32
S00127,sa~o paulo,SP,2,2,0,0,484.8,484.8
S00136,sa~o paulo,SP,1,1,0,0,74.51,74.51
S00137,santos,SP,2,2,0,0,277.22,277.22
S00141,sa~o paulo,SP,9,9,0,1576.63,1576.63,3153.26
S00145,aruja,SP,2,2,0,171.39,0,171.39
S00150,sa~o paulo,SP,1,1,0,33.16,0,33.16
S00152,sa~o paulo,SP,165,165,0,13560.79,13560.79,27121.58
S00154,sa~o paulo,SP,39,39,0,4191.76,4191.76,8383.52
S00159,curitiba,PR,3,3,0,0,366.9,366.9
S00163,porto alegre,RS,4,4,0,401.33,401.33,802.66
S00168,São Bernardo do Campo,SP,9,9,0,0,514.07,514.07
S00174,sete lagoas,MG,266,266,14896.75,14896.75,14896.75,44690.25
S00175,santo andre,SP,15,15,0,1746.9,1746.9,3493.8
S00182,ibitinga,SP,1,1,0,102.9,0,102.9
S00184,lencois paulista,SP,1,1,0,0,150,150
S00189,batatais,SP,25,25,0,1159.43,1159.43,2318.86
S00195,rio de janeiro,RJ,3,3,0,910.83,910.83,1821.66
S00204,sao joao de meriti,RJ,5,5,0,0,536.08,536.08
S00207,pedreira,SP,4,4,0,1298.24,0,1298.24
S00208,ribeirao preto,SP,78,78,0,4704.02,4704.02,9408.04
S00213,laranjeiras do sul,SP,3,3,0,1546.84,0,1546.84
S00214,maringa,PR,533,533,0,20603.7,20603.7,41207.3999999999
S00215,atibaia,SP,15,15,0,1622.36,1622.36,3244.72
S00218,praia grande,SP,4,4,0,366.01,366.01,732.02
S00219,bento goncalves,RS,14,14,0,2983.08,2983.08,5966.16
S00222,sa~o paulo,SP,3,3,0,0,1133.31,1133.31
S00530,sabara,MG,6,6,0,0,1239.18,1239.18
S00540,sa~o paulo,SP,13,13,0,0,1539.7,1539.7
S00545,sinop,MT,54,54,0,9682.28,9682.28,19364.56
S00548,sa~o paulo,SP,20,20,0,1416.92,1416.92,2833.84
S00552,sa~o paulo,SP,7,7,0,0,646.62,646.62
S00553,sa~o paulo,SP,127,127,0,15766.93,15766.93,31533.86
S00554,sa~o paulo,SP,6,6,0,0,228.05,228.05
S00557,presidente prudente,SP,4,4,0,324.84,0,324.84
S00559,jaragua do sul,SC,1,1,0,0,64.1,64.1
S00561,blumenau,SC,1,1,0,71.66,0,71.66
S00566,sa~o paulo,SP,13,13,0,724.47,0,724.47
S00574,scao jose do rio pardo,SP,59,59,0,8982.29,8982.29,17964.58
S00577,Santa Bárbara d'Oeste,SP,79,79,0,5215.78,5215.78,10431.56
S00579,niteroi,RJ,7,7,0,2503.16,0,2503.16
S00582,sa~o paulo,SP,36,36,0,0,3208.95,3208.95
S00584,americana,SP,11,11,0,7570.67,7570.67,15141.34
S00587,goiania,GO,1,1,0,0,239.04,239.04
S00589,sa~o paulo,SP,30,30,0,0,2955.67,2955.67
S00594,foz do iguacu,PR,2,2,0,734.75,0,734.75
S00597,rio de janeiro,RJ,1,1,0,927.82,0,927.82
S00599,uruguaiana,RS,1,1,0,45.09,0,45.09
S00600,carmo do cajuru,MG,8,8,0,617.88,0,617.88
S00610,rio de janeiro,RJ,4,4,0,0,265.53,265.53
S00622,gaspar,SC,1,1,0,0,27.69,27.69
S00625,capivari,SP,25,25,2547.17,2547.17,0,5094.34
S00626,salto,SP,8,8,0,0,889.04,889.04
S00627,franca,SP,4,4,0,0,473.46,473.46
S00631,maua,SP,53,53,0,3037.31,0,3037.31
S00632,sa~o paulo,SP,1,1,0,0,137.02,137.02
S00635,araraquara,SP,36,36,0,2009.65,2009.65,4019.3
S00636,sao leopoldo,RS,2,2,0,0,606.45,606.45
S00637,sombrio,SC,4,4,0,465.37,0,465.37
S00642,osasco,SP,13,13,0,0,1600.88,1600.88
S00646,rio de janeiro,RJ,14,14,0,2055.25,2055.25,4110.5
S00650,sorocaba,SP,26,26,0,1439.17,0,1439.17
S00658,cotia,SP,1,1,0,35.96,0,35.96
S00663,sa~o paulo,SP,5,5,0,397.94,397.94,795.88
S00664,londrina,PR,28,28,4285.41,4285.41,4285.41,12856.23
S00669,ibitinga,SP,547,547,45881,45881,45881,137643
S00678,curitiba,PR,1,1,0,0,40.27,40.27
S00680,barretos,SP,3,3,0,0,426.21,426.21
S00688,sa~o paulo,SP,6,6,0,0,2310.95,2310.95
S00698,ibitinga,SP,109,109,0,14810.3,14810.3,29620.6
S00701,porto belo,SC,2,2,0,0,120.39,120.39
S00704,barueri,SP,4,4,0,687.95,0,687.95
S00709,sao joao de meriti,RJ,37,37,0,4372.15,4372.15,8744.3
S00711,gama,DF,30,30,0,9364.5,9364.5,18729
S00713,sa~o paulo,SP,155,155,0,5726.58000000001,5726.58000000001,11453.16
S00714,cosmopolis,SP,1,1,0,0,306.2,306.2
S00719,São Bernardo do Campo,SP,1,1,0,0,113.9,113.9
S00725,montes claros,MG,3,3,0,0,276.82,276.82
S00726,sa~o paulo,SP,6,6,0,917.97,917.97,1835.94
S00735,ponte nova,MG,95,95,0,11358.49,11358.49,22716.98
S00736,curitiba,PR,18,18,0,1158.01,0,1158.01
S00740,sa~o paulo,SP,6,6,0,258.7,258.7,517.4
S00742,sorocaba,SP,1,1,0,0,69.01,69.01
S00745,curitiba,PR,7,7,0,649.97,649.97,1299.94
S00754,itapecerica da serra,SP,43,43,0,4627.2,4627.2,9254.4
S00759,holambra,SP,7,7,0,1442.09,0,1442.09
S00761,governador valadares,MG,2,2,0,0,228.26,228.26
S00763,curitiba,PR,1,1,0,225.21,0,225.21
S00767,Belo Horizonte,MG,11,11,0,9164.51,0,9164.51
S00772,tatui,SP,45,45,0,4412.15,4412.15,8824.3
S00778,santos,SP,1,1,0,0,61.3,61.3
S00784,santo andre,SP,8,8,0,0,418.21,418.21
S00788,araxa,MG,3,3,0,1110.54,0,1110.54
S00789,domingos martins,ES,18,18,0,0,1086.97,1086.97
S00790,guaruja,SP,5,5,0,0,491.91,491.91
S00792,bahia,BA,5,5,0,0,1089.04,1089.04
S00798,goiania,GO,2,2,0,0,65.01,65.01
S00800,caxias do sul,RS,22,22,0,0,4364.47,4364.47
S00812,sa~o paulo,SP,102,102,0,8764.85,8764.85,17529.7
S00821,votuporanga,SP,94,94,15625.92,15625.92,15625.92,46877.76
S00826,carazinho,RS,1,1,0,0,83.01,83.01
S00829,araras,SP,14,14,0,5389.16,0,5389.16
S00831,resende,RJ,1,1,0,0,42.05,42.05
S00836,porto alegre,RS,2,2,0,2822.75,0,2822.75
S00839,cordeiropolis,SP,4,4,0,210.57,0,210.57
S00844,rio de janeiro,RJ,527,527,137855.3,137855.3,137855.3,413565.899999999
S00845,claudio,MG,5,5,0,348.45,348.45,696.9
S00850,dores de campos,MG,2,2,0,163.4,0,163.4
S00853,canoas,RS,1,1,0,1196.78,0,1196.78
S00862,oliveira,MG,1,1,0,0,34.1,34.1
S00867,blumenau,SC,33,33,0,6621.54,6621.54,13243.08
S00868,sa~o paulo,SP,2,2,0,2873.81,0,2873.81
S00873,porto alegre,RS,1,1,0,0,106.33,106.33
S00880,pedreira,SP,21,21,0,0,1146.13,1146.13
S00883,marilia,SP,68,68,0,17201.89,17201.89,34403.78
S00893,bage,RS,1,1,266.11,0,0,266.11
S00894,limeira,SP,220,220,0,19142.57,19142.57,38285.14
S00895,taboao da serra,SP,2,2,0,363.43,0,363.43
S00902,divinopolis,MG,1,1,0,0,136.97,136.97
S00903,assis,SP,29,29,0,5301.98,5301.98,10603.96
S00905,sa~o paulo,SP,27,27,0,0,5997.26,5997.26
S00907,sa~o paulo,SP,63,63,0,0,3996.66,3996.66
S00908,marilia,SP,5,5,0,0,269.91,269.91
S00912,atibaia,SP,2,2,0,150.63,150.63,301.26
S00913,niteroi,RJ,7,7,0,0,839.02,839.02
S00915,ibitinga,SP,26,26,0,2376.65,2376.65,4753.3
S00917,toledo,PR,1,1,0,0,285.61,285.61
S00918,São Bernardo do Campo,SP,1,1,0,0,252.27,252.27
S00926,embu das artes,SP,1,1,0,58.72,0,58.72
S00936,betim,MG,46,46,0,1514.25,1514.25,3028.5
S00940,sa~o paulo,SP,3,3,0,0,324.7,324.7
S00941,portoferreira,SP,3,3,0,377.9,0,377.9
S00952,sa~o paulo,SP,30,30,0,1227.45,1227.45,2454.9
S00953,embu das artes,SP,2,2,0,0,1320.95,1320.95
S00954,sa~o paulo,SP,8,8,0,0,902.6,902.6
S00955,taboao da serra,SP,2,2,0,0,232.47,232.47
S00963,itaquaquecetuba,SP,64,64,0,10712.65,10712.65,21425.3
S00965,santo andre,SP,6,6,0,247.86,247.86,495.72
S00967,sao caetano do sul,SP,1,1,0,0,167.96,167.96
S00968,jaci,SP,1,1,0,0,282.47,282.47
S00970,claudio,MG,52,52,0,5951.51,5951.51,11903.02
S00971,vila velha,ES,2,2,0,0,219.44,219.44
S00974,curitiba,PR,4,4,0,0,1657.45,1657.45
S00980,santa rita do sapucai,MG,4,4,0,0,326.45,326.45
S00981,rio do oeste,SC,3,3,0,0,152.8,152.8
S00982,braganca paulista,SP,1,1,0,199.92,0,199.92
S00984,rio grande,RS,16,16,0,0,1175.75,1175.75
S00990,cascavel,PR,174,174,58638.43,58638.43,58638.43,175915.29
S00991,sa~o paulo,SP,5,5,0,347.48,347.48,694.96
S00994,barueri,SP,11,11,0,777.07,0,777.07
S01001,monte alegre do sul,SP,4,4,0,0,197.02,197.02
S01007,sa~o paulo,SP,21,21,0,0,1895.9,1895.9
S01012,triunfo,RS,3,3,0,0,316.23,316.23
S01015,sa~o paulo,SP,1,1,0,674.83,0,674.83
S01016,itapetininga,SP,2,2,0,0,192.62,192.62
S00795,maringa,PR,2,2,0,0,289.8,289.8
S00796,sa~o paulo,SP,104,104,0,0,4416.36,4416.36
S00803,coronel fabriciano,MG,20,20,0,3158.62,3158.62,6317.24
S00804,sa~o paulo,SP,12,12,0,0,1720.95,1720.95
S00805,ribeirao preto,SP,120,120,0,14732.23,14732.23,29464.46
S00810,rio de janeiro,RJ,20,20,0,3163.31,3163.31,6326.62
S00813,barro alto,BA,1,1,0,66.28,0,66.28
S00822,marilia,SP,1,1,0,62.5,0,62.5
S00827,canoas,RS,2,2,0,0,129.43,129.43
S00828,sa~o paulo,SP,6,6,0,1787.71,0,1787.71
S00832,luiz alves,SC,8,8,0,0,7186.89,7186.89
S00837,guarulhos,SP,1,1,0,1323.79,0,1323.79
S00838,sao roque,SP,38,38,0,0,6470.31,6470.31
S00841,pinhais,PR,3,3,0,0,161.43,161.43
S00846,piracicaba,SP,16,16,0,1099.74,1099.74,2199.48
S00849,teresina,PI,12,12,0,0,2965.32,2965.32
S00854,mogi mirim,SP,1,1,0,0,283.73,283.73
S00855,volta redonda,RJ,145,145,0,14501.99,14501.99,29003.98
S00860,osvaldo cruz,SP,2,2,0,0,328.06,328.06
S00863,porto alegre,RS,2,2,0,0,225.29,225.29
S00871,diadema,SP,1,1,0,0,47.02,47.02
S00874,sa~o paulo,SP,63,63,0,2725.4,2725.4,5450.8
S00875,sa~o paulo,SP,5,5,0,0,412.93,412.93
S00876,sa~o paulo,SP,5,5,0,0,1622.11,1622.11
S00879,Brasilia,DF,2,2,0,0,552.59,552.59
S00881,sa~o paulo,SP,3,3,0,0,440.41,440.41
S00884,sao goncalo,RJ,1,1,0,0,155.26,155.26
S00885,irati,PR,4,4,0,0,612.39,612.39
S00886,lagoa da prata,MG,3,3,0,210.9,0,210.9
S00891,aracaju,SE,4,4,0,1018.42,1018.42,2036.84
S00896,mogi das cruzes,SP,11,11,0,1667.91,0,1667.91
S00899,carazinho,RS,2,2,192.46,0,0,192.46
S00900,rio branco,AC,1,1,299.84,0,0,299.84
S00901,sao carlos,SP,11,11,0,0,649.37,649.37
S00904,sao jose do rio preto,SP,2,2,0,1824.56,0,1824.56
S00910,carapicuiba,SP,48,48,0,5389.76,5389.76,10779.52
S00911,maringa,PR,2,2,0,0,112.72,112.72
S00914,fernandopolis,SP,4,4,0,0,3216.31,3216.31
S00929,porto alegre,RS,1,1,0,0,173.23,173.23
S00938,suzano,SP,63,63,0,8369.22,8369.22,16738.44
S00939,Belo Horizonte,MG,2,2,0,0,105.62,105.62
S00946,sao jose dos campos,SP,4,4,0,436.34,436.34,872.68
S00949,cachoeirinha,RS,1,1,0,0,85.49,85.49
S00950,sa~o paulo,SP,4,4,0,199.7,199.7,399.4
S00951,sa~o paulo,SP,8,8,0,0,1466.12,1466.12
S00962,sa~o paulo,SP,22,22,0,5321.9,5321.9,10643.8
S00964,pocos de caldas,MG,13,13,0,1913.32,1913.32,3826.64
S00996,garca,SP,90,90,0,19544.9,19544.9,39089.8
S01004,itajai,SC,1,1,0,98.37,0,98.37
S01005,osasco,SP,2,2,0,0,388.43,388.43
S01010,echapora,SP,23,23,0,1628.54,1628.54,3257.08
S01013,cascavel,PR,100,100,0,15000.66,15000.66,30001.32
S01019,rio de janeiro,RJ,1,1,0,0,57.77,57.77
S01022,Belo Horizonte,MG,2,2,0,0,63.92,63.92
S01026,rio de janeiro,RJ,14,14,0,8283.43,8283.43,16566.86
S01028,sorocaba,SP,5,5,0,7579.55,7579.55,15159.1
S01032,São Bernardo do Campo,SP,10,10,0,0,2391.08,2391.08
S01036,florianopolis,SC,18,18,0,0,3694.44,3694.44
S01038,limeira,SP,2,2,0,0,175.14,175.14
S01050,rio de janeiro,RJ,8,8,0,0,1073.18,1073.18
S01051,osasco,SP,22,22,0,0,3420.45,3420.45
S01057,sa~o paulo,SP,22,22,0,0,7212.65,7212.65
S01060,guarulhos,SP,5,5,0,0,784.96,784.96
S01067,nova petropolis,RS,8,8,0,0,1287.36,1287.36
S01018,jundiai,SP,5,5,0,295.45,0,295.45
S01024,ibitinga,SP,17,17,0,0,2462.07,2462.07
S01025,pedreira,SP,485,485,0,37816.16,37816.16,75632.3200000001
S01034,Santa Bárbara d'Oeste,SP,201,201,0,20283.42,20283.42,40566.84
S01035,Belo Horizonte,MG,7,7,772.83,772.83,0,1545.66
S01041,curitiba,PR,4,4,0,0,1449.64,1449.64
S01047,tabatinga,SP,6,6,0,0,826.23,826.23
S01053,campinas,SP,262,262,0,0,12767.27,12767.27
S01059,palhoca,SC,2,2,0,791.95,791.95,1583.9
S01063,sa~o paulo,SP,5,5,0,245.94,245.94,491.88
S01068,goiania,GO,1,1,0,270.45,0,270.45
S01069,fortaleza,CE,3,3,0,187.2,187.2,374.4
S01071,rio de janeiro,RJ,8,8,0,408.5,408.5,817
S01077,capivari,SP,8,8,0,284.04,0,284.04
S01080,porto alegre,RS,1,1,0,119.74,0,119.74
S01083,campinas,SP,1,1,0,0,31.91,31.91
S01089,curitiba,PR,8,8,0,873.94,0,873.94
S01092,uberlandia,MG,127,127,0,31296.09,31296.09,62592.18
S01096,curitiba,PR,1,1,0,156.75,0,156.75
S01098,caxias do sul,RS,14,14,0,0,1004.65,1004.65
S01106,salto,SP,1,1,0,0,203.77,203.77
S01114,sa~o paulo,SP,34,34,5596.88,5596.88,0,11193.76
S01115,sa~o paulo,SP,10,10,0,0,1340.14,1340.14
S01119,florianopolis,SC,13,13,0,2376.3,2376.3,4752.6
S01120,petropolis,RJ,16,16,0,953.19,953.19,1906.38
S01122,sao jose dos campos,SP,38,38,0,10115.68,10115.68,20231.36
S01123,presidente prudente,SP,12,12,0,0,1921.2,1921.2
S01124,sa~o paulo,SP,63,63,0,8801.84,8801.84,17603.68
S01125,sorocaba,SP,1,1,0,24.96,0,24.96
S01129,campo do meio,MG,17,17,0,0,3736.53,3736.53
S01130,coronel fabriciano,MG,17,17,0,0,2790.56,2790.56
S01132,nilopolis,RJ,21,21,0,5447.53,0,5447.53
S01133,sao jose,SC,8,8,0,0,4521.62,4521.62
S01146,assis,SP,32,32,0,4178.82,4178.82,8357.64
S01151,vitoria,ES,1,1,0,0,219.33,219.33
S01157,sa~o paulo,SP,5,5,0,0,177.25,177.25
S01158,sa~o paulo,SP,1,1,0,0,30.32,30.32
S01161,chapeco,SC,1,1,0,0,278.91,278.91
S01176,maringa,PR,13,13,0,0,1775.52,1775.52
S01181,osasco,SP,64,64,0,13789.27,13789.27,27578.54
S01187,fernando prestes,SP,3,3,0,0,125.27,125.27
S01188,sa~o paulo,SP,16,16,0,0,14158.95,14158.95
S01200,sa~o paulo,SP,6,6,0,590.55,590.55,1181.1
S01201,treze tilias,SC,1,1,0,0,135.48,135.48
S01213,farroupilha,RS,38,38,0,2875.41,2875.41,5750.82
S01214,sa~o paulo,SP,6,6,0,1125.49,0,1125.49
S01217,sao jose dos campos,SP,18,18,0,639.99,0,639.99
S01218,patos de minas,MG,11,11,0,0,1015.93,1015.93
S01225,sa~o paulo,SP,67,67,0,4182.49,4182.49,8364.98
S01229,curitiba,PR,1,1,0,0,482.6,482.6
S01235,diadema,SP,13,13,0,0,2566.49,2566.49
S01239,santo andre,SP,7,7,0,1553.2,0,1553.2
S01240,taboao da serra,SP,1,1,0,25.46,0,25.46
S01241,estancia velha,RS,3,3,0,0,191.56,191.56
S01256,sao jose do rio preto,SP,1,1,0,0,24.06,24.06
S01263,marechal candido rondon,PR,8,8,0,1393.11,1393.11,2786.22
S01264,sorocaba,SP,1,1,0,0,133.84,133.84
S01266,sa~o paulo,SP,19,19,0,0,8496.02,8496.02
S01267,ipatinga,MG,21,21,0,7467.39,7467.39,14934.78
S01268,curitiba,PR,16,16,0,5372.47,5372.47,10744.94
S01270,guaratuba,PR,10,10,0,1614.18,1614.18,3228.36
S01271,araucaria,PR,24,24,0,4571.8,4571.8,9143.6
S01282,santo andre,SP,2,2,0,0,148.12,148.12
S01286,curitiba,PR,7,7,0,2799.5,2799.5,5599
S01074,sao bento do sul,SC,2,2,0,0,458.24,458.24
S01075,santa rita do sapucai,MG,5,5,0,0,197.21,197.21
S01081,caxias do sul,RS,14,14,0,10664.81,10664.81,21329.62
S01087,limeira,SP,18,18,0,37657.77,0,37657.77
S01090,mogi das cruzes,SP,14,14,0,0,1265.19,1265.19
S01093,campinas,SP,2,2,0,0,162.75,162.75
S01099,rio de janeiro,RJ,2,2,0,102.97,102.97,205.94
S01100,sa~o paulo,SP,14,14,0,0,932.67,932.67
S01102,londrina,PR,15,15,0,0,1630.1,1630.1
S01103,americana,SP,11,11,0,0,714.41,714.41
S01105,monteiro lobato,SP,39,39,0,2908.95,2908.95,5817.9
S01109,assis,SP,10,10,0,1859.06,1859.06,3718.12
S01111,jundiai,SP,7,7,0,852.69,852.69,1705.38
S01117,rio de janeiro,RJ,7,7,0,2887.02,2887.02,5774.04
S01118,borda da mata,MG,13,13,0,3146.24,3146.24,6292.48
S01134,sa~o paulo,SP,98,98,0,34315.45,34315.45,68630.9
S01135,sao jose do rio preto,SP,9,9,0,0,930.8,930.8
S01139,sa~o paulo,SP,2,2,0,0,363.88,363.88
S01140,pinhais,PR,36,36,0,3285.51,3285.51,6571.02
S01142,sa~o paulo,SP,3,3,0,93.1,0,93.1
S01143,atibaia,SP,94,94,0,8751.12,8751.12,17502.24
S01156,apucarana,PR,25,25,0,1980.85,1980.85,3961.7
S01166,ribeirao preto,SP,10,10,0,0,736.76,736.76
S01167,sa~o paulo,SP,5,5,379.89,379.89,0,759.78
S01168,marilia,SP,4,4,0,884.31,0,884.31
S01170,sa~o paulo,SP,69,69,9557.17,9557.17,9557.17,28671.51
S01172,sa~o paulo,SP,46,46,0,0,1773.76,1773.76
S01173,viana,ES,1,1,0,0,151.04,151.04
S01186,carapicuiba,SP,2,2,0,150.67,0,150.67
S01191,itu,SP,10,10,0,393.94,0,393.94
S01197,guarulhos,SP,1,1,0,0,767.69,767.69
S01198,serra,ES,3,3,215.98,215.98,0,431.96
S01205,salto,SP,3,3,0,450.1,0,450.1
S01209,ibitinga,SP,1,1,0,0,126.87,126.87
S01212,sa~o paulo,SP,2,2,0,216.23,0,216.23
S01216,jundiai,SP,1,1,0,0,66.69,66.69
S01223,ibitinga,SP,120,120,0,0,8764.67999999999,8764.67999999999
S01224,ribeirao preto,SP,23,23,0,1593.82,0,1593.82
S01226,joinville,SC,2,2,0,0,246.65,246.65
S01227,sorocaba,SP,32,32,0,3514.69,3514.69,7029.38
S01228,presidente bernardes,SP,7,7,0,591.83,0,591.83
S01233,campinas,SP,1,1,0,0,417.47,417.47
S01234,diadema,SP,3,3,0,0,160.24,160.24
S01237,franco da rocha,SP,1,1,0,0,49.45,49.45
S01238,maringa,PR,9,9,0,630.67,630.67,1261.34
S01245,sa~o paulo,SP,2,2,0,110.08,0,110.08
S01250,Belo Horizonte,MG,1,1,0,107.01,0,107.01
S01251,sa~o paulo,SP,3,3,0,695.7,0,695.7
S01252,sa~o paulo,SP,1,1,0,0,160.67,160.67
S01261,maringa,PR,78,78,0,7280.06,7280.06,14560.12
S01262,curitiba,PR,27,27,0,0,1692.11,1692.11
S01275,curitiba,PR,5,5,0,819.74,819.74,1639.48
S01279,guaratuba,PR,6,6,0,0,862.96,862.96
S01280,rio de janeiro,RJ,11,11,0,987.07,987.07,1974.14
S01281,sa~o paulo,SP,2,2,0,191.43,0,191.43
S01292,anapolis,GO,15,15,0,0,1915.96,1915.96
S01314,maringa,PR,2,2,0,59.38,0,59.38
S01315,morrinhos,GO,5,5,0,0,453.89,453.89
S01317,timbo,SC,2,2,0,0,1330.88,1330.88
S01319,curitiba,PR,55,55,0,9308.49,9308.49,18616.98
S01324,marilia,SP,1,1,0,0,31.69,31.69
S01328,Belo Horizonte,MG,154,154,0,13446.91,13446.91,26893.82
S01329,sa~o paulo,SP,6,6,1085.99,1085.99,0,2171.98
S01333,guarulhos,SP,3,3,0,348.05,0,348.05
S00232,goiania,GO,1,1,0,0,309.32,309.32
S00246,ibitinga,SP,1,1,0,0,109.72,109.72
S00254,ouro preto,MG,17,17,0,2118.12,2118.12,4236.24
S00257,garca,SP,2,2,0,0,141.15,141.15
S00258,atibaia,SP,402,402,0,30830.86,30830.86,61661.72
S00260,guaira,PR,1,1,0,0,136.76,136.76
S00261,ribeirao preto,SP,11,11,0,0,1648.25,1648.25
S00263,São Bernardo do Campo,SP,13,13,0,1818.28,1818.28,3636.56
S00265,franca,SP,5,5,0,1178.48,1178.48,2356.96
S00269,sao caetano do sul,SP,2,2,0,0,1226.55,1226.55
S00284,sa~o paulo,SP,5,5,0,4443.72,4443.72,8887.44
S00287,maua,SP,3,3,0,0,403.57,403.57
S00288,joinville,SC,11,11,477,477,0,954
S00296,valinhos,SP,1,1,0,0,212.06,212.06
S00300,ouro fino,MG,14,14,0,2864.98,2864.98,5729.96
S00302,sa~o paulo,SP,1,1,0,0,40.02,40.02
S00304,itaipulandia,PR,1,1,0,338.74,0,338.74
S00305,gaspar,SC,1,1,0,0,162.59,162.59
S00307,joinville,SC,168,168,0,25935.48,25935.48,51870.96
S00309,araquari,SC,1,1,0,0,97,97
S00310,sa~o paulo,SP,20,20,0,0,3504.28,3504.28
S00312,sa~o paulo,SP,2,2,0,163.17,163.17,326.34
S00314,maringa,PR,8,8,0,0,419.35,419.35
S00315,piracicaba,SP,1,1,0,0,715.34,715.34
S00319,sa~o paulo,SP,11,11,0,2785.96,2785.96,5571.92
S00343,recife,PE,3,3,0,3873.57,0,3873.57
S00346,rio de janeiro,RJ,4,4,0,1141.82,1141.82,2283.64
S00350,arapongas,PR,95,95,0,13065.54,13065.54,26131.08
S00352,uba,MG,44,44,0,7946.95,0,7946.95
S00357,sa~o paulo,SP,2,2,0,0,237.53,237.53
S00358,ibitinga,SP,21,21,0,1671.05,1671.05,3342.1
S00364,itatiba,SP,5,5,0,0,446.82,446.82
S00365,jaciara,MT,2,2,0,0,468.94,468.94
S00369,sao jose do rio preto,SP,1473,1473,0,108704.62,108704.62,217409.239999999
S00371,venancio aires,RS,3,3,0,632.68,632.68,1265.36
S00373,tupa,SP,78,78,0,15853.11,15853.11,31706.22
S00376,limeira,SP,18,18,0,4524.27,4524.27,9048.54
S00377,sa~o paulo,SP,1,1,0,105.22,0,105.22
S00378,paraiba do sul,RJ,21,21,0,0,4332.69,4332.69
S00380,sao jose do rio preto,SP,8,8,0,377.23,0,377.23
S00381,guaira,SP,1,1,0,0,173.68,173.68
S00386,curitiba,PR,3,3,0,0,242.23,242.23
S00387,arapongas,PR,1,1,0,0,68.04,68.04
S00388,sao carlos,SP,44,44,0,9525.94,9525.94,19051.88
S00391,sao caetano do sul,SP,11,11,0,1506.55,1506.55,3013.1
S00393,santa rita do sapucai,MG,2,2,0,86.44,86.44,172.88
S00396,colombo,PR,1,1,0,0,105.47,105.47
S00397,sa~o paulo,SP,415,415,17858.01,17858.01,17858.01,53574.0300000001
S00398,salto,SP,159,159,0,16919.99,16919.99,33839.98
S00403,sa~o paulo,SP,14,14,0,3109.48,3109.48,6218.96
S00405,fortaleza,CE,4,4,0,0,841.33,841.33
S00415,cafelandia,SP,33,33,0,4883.67,4883.67,9767.34
S00421,votorantim,SP,41,41,0,0,5663.75,5663.75
S00422,sa~o paulo,SP,6,6,0,234.59,0,234.59
S00424,itau de minas,MG,2,2,0,134.68,0,134.68
S00427,mogi das cruzes,SP,23,23,0,3214.81,3214.81,6429.62
S00431,robeirao preto,SP,2,2,0,0,90.08,90.08
S00434,jundiai,SP,5,5,0,6508.7,6508.7,13017.4
S00437,sa~o paulo,SP,5,5,0,0,890.94,890.94
S00442,itauna,MG,159,159,0,39386.67,39386.67,78773.3399999999
S00448,sa~o paulo,SP,15,15,0,0,1148.53,1148.53
S00453,catanduva,SP,4,4,0,0,1203.76,1203.76
S00455,santa barbara d´oeste,SP,3,3,0,0,331.86,331.86
S00460,ibitinga,SP,12,12,0,0,1589.06,1589.06
S00466,carapicuiba,SP,6,6,0,275.15,275.15,550.3
S00478,Belo Horizonte,MG,114,114,0,0,14537.29,14537.29
S00483,sa~o paulo,SP,28,28,0,0,1185.42,1185.42
S00485,Brasilia,DF,8,8,0,2019.22,2019.22,4038.44
S00498,santo andre,SP,18,18,0,1394.73,1394.73,2789.46
S00506,Brasilia,DF,12,12,0,4877.64,4877.64,9755.28
S00524,buritama,SP,12,12,0,2303.77,2303.77,4607.54
S00527,cachoeiro de itapemirim,ES,1,1,0,0,129.64,129.64
S00529,curitiba,PR,2,2,0,228.72,0,228.72
S00534,sa~o paulo,SP,8,8,0,0,214.53,214.53
S00535,ribeirao preto,SP,16,16,0,4230.48,4230.48,8460.96
S00537,sao francisco do sul,SC,2,2,0,1454.44,0,1454.44
S00538,uruacu,GO,10,10,0,0,1092.42,1092.42
S00539,ibitinga,SP,45,45,0,4151.52,4151.52,8303.04
S00542,jaci,SP,2,2,0,0,344.17,344.17
S00543,sao jose dos campos,SP,10,10,0,0,1249.72,1249.72
S00544,curitiba,PR,4,4,0,712.22,0,712.22
S00547,sa~o paulo,SP,24,24,0,3814.18,3814.18,7628.36
S00549,sa~o paulo,SP,167,167,0,14748.26,14748.26,29496.52
S00551,Belo Horizonte,MG,18,18,0,4626.84,4626.84,9253.68
S00556,porto alegre,RS,2,2,0,183.94,0,183.94
S00571,londrina,PR,7,7,0,1955.12,1955.12,3910.24
S00572,salto,SP,89,89,0,0,5495.07,5495.07
S00573,auriflama,SP,7,7,0,0,370.97,370.97
S00576,aruja,SP,19,19,0,0,1888.74,1888.74
S00581,uba,MG,43,43,0,11912.62,11912.62,23825.24
S00583,sa~o paulo,SP,54,54,0,3041.35,3041.35,6082.7
S00586,araras,SP,29,29,0,4711.13,4711.13,9422.26
S00591,taboao da serra,SP,37,37,0,1156.94,1156.94,2313.88
S00592,manaus,AM,3,3,0,1258.8,0,1258.8
S00593,praia grande,SP,1,1,0,0,219.27,219.27
S00596,lages,SC,36,36,0,0,11115.78,11115.78
S00601,piracicaba,SP,1,1,0,65.43,0,65.43
S00603,maringa,PR,32,32,0,5721.47,0,5721.47
S00604,santo andre,SP,12,12,0,0,710.94,710.94
S00609,guarulhos,SP,105,105,0,0,10133.14,10133.14
S00611,cotia,SP,35,35,0,4151.12,4151.12,8302.24
S00613,bento goncalves,RS,15,15,0,0,1094.65,1094.65
S00614,blumenau,SC,5,5,0,552.48,552.48,1104.96
S00619,sao jose dos campos,SP,5,5,0,0,848.07,848.07
S00628,curitiba,PR,1,1,0,22.52,0,22.52
S00640,sa~o paulo,SP,5,5,0,1194.3,0,1194.3
S00648,goiania,GO,57,57,0,7471.02,7471.02,14942.04
S00653,sa~o paulo,SP,273,273,0,59753.2999999999,59753.2999999999,119506.6
S00654,sa~o paulo,SP,1,1,0,0,91.37,91.37
S00659,rio de janeiro,RJ,46,46,0,0,4808.61,4808.61
S00661,itaquaquecetuba,SP,6,6,4158.43,4158.43,0,8316.86
S00665,sa~o paulo,SP,10,10,0,763.54,0,763.54
S00667,carapicuiba,SP,5,5,0,0,171.25,171.25
S00670,blumenau,SC,5,5,0,0,222.45,222.45
S00689,Belo Horizonte,MG,8,8,0,1695.07,0,1695.07
S00690,aguas claras,DF,1,1,0,52.78,0,52.78
S00703,sa~o paulo,SP,59,59,0,3995.33,3995.33,7990.66
S00707,londrina,PR,4,4,0,0,2218.19,2218.19
S00717,campinas,SP,5,5,484.94,484.94,0,969.88
S00720,contagem,MG,10,10,0,0,2212.6,2212.6
S00722,campinas,SP,8,8,0,2634.83,0,2634.83
S00728,sa~o paulo,SP,10,10,0,1080.7,0,1080.7
S00730,nova trento,SC,2,2,0,0,857.7,857.7
S00732,campo limpo paulista,SP,1125,1125,0,115244.79,115244.79,230489.580000001
S00738,pouso alegre,MG,1,1,0,0,62.38,62.38
S00744,rio de janeiro,RJ,9,9,0,0,2192.01,2192.01
S00748,curitiba,PR,9,9,0,5124.02,5124.02,10248.04
S00749,terra boa,PR,6,6,0,1180.43,1180.43,2360.86
S00751,curitiba,PR,12,12,0,1376.35,0,1376.35
S00753,fazenda rio grande,PR,3,3,0,0,251.92,251.92
S00757,sa~o paulo,SP,13,13,0,0,1242.77,1242.77
S00766,guanhaes,MG,9,9,0,0,1359.63,1359.63
S00771,vitoria,ES,8,8,0,0,1615.99,1615.99
S00774,santo andre,SP,30,30,0,7288.86,7288.86,14577.72
S00779,campinas,SP,21,21,0,2340.25,2340.25,4680.5
S00781,imigrante,RS,1,1,0,0,61.38,61.38
S00783,Belo Horizonte,MG,12,12,0,2613.15,2613.15,5226.3
S00787,natal,RN,23,23,0,971.92,971.92,1943.84
S00791,São Bernardo do Campo,SP,36,36,0,1047.61,1047.61,2095.22
S00794,americana,SP,5,5,0,0,1692.9,1692.9
S00799,santo andre,SP,23,23,0,0,1655.97,1655.97
S00802,sa~o paulo,SP,20,20,0,0,3610.12,3610.12
S00807,Brasilia,DF,46,46,0,3201.56,3201.56,6403.12
S00808,sa~o paulo,SP,3,3,1288.41,1288.41,0,2576.82
S00817,varginha,MG,1,1,0,99.83,0,99.83
S00818,Brasilia,DF,2,2,0,0,129.32,129.32
S00819,carapicuiba,SP,41,41,0,4807.22,4807.22,9614.44
S00823,cotia,SP,1,1,0,214.56,0,214.56
S00824,sa~o paulo,SP,3,3,0,0,306.97,306.97
S00825,santa rosa,RS,2,2,0,0,134.68,134.68
S00834,paulinia,SP,9,9,0,0,963.9,963.9
S00835,catanduva,SP,2,2,0,862.37,0,862.37
S00840,sorocaba,SP,59,59,5595.44,5595.44,5595.44,16786.32
S00843,japira,PR,11,11,0,0,3835.7,3835.7
S00852,sa~o paulo,SP,210,210,0,12458,12458,24916
S00857,jau,SP,1,1,0,0,169.15,169.15
S00858,guariba,SP,1143,1143,0,247344.85,247344.85,494689.700000001
S00861,sa~o paulo,SP,3,3,0,384.49,0,384.49
S00866,juiz de fora,MG,36,36,0,1579.58,1579.58,3159.16
S00869,taubate,SP,8,8,0,0,598.84,598.84
S00870,sorocaba,SP,1,1,0,0,16.36,16.36
S00872,sa~o paulo,SP,18,18,0,0,2650.06,2650.06
S00882,ibitinga,SP,1889,1889,0,224388.440000001,224388.440000001,448776.880000002
S00887,porto seguro,BA,29,29,0,8295.93,8295.93,16591.86
S00888,canoinhas,SC,1,1,0,0,105.28,105.28
S00890,ribeirao preto,SP,8,8,1962.82,1962.82,0,3925.64
S00892,vendas@creditparts.com.br,PR,23,23,0,4251.13,4251.13,8502.26
S00909,sa~o paulo,SP,261,261,0,14422.64,14422.64,28845.28
S00916,ribeirao preto,SP,1,1,0,0,120.76,120.76
S00919,fazenda rio grande,PR,2,2,0,0,258.87,258.87
S00920,tabatinga,SP,8,8,0,1409.39,0,1409.39
S00921,juiz de fora,MG,8,8,0,0,5465.49,5465.49
S00924,jau,SP,374,374,0,49277.41,49277.41,98554.8199999999
S00930,curitiba,PR,6,6,0,1494.03,0,1494.03
S00931,itapui,SP,1,1,0,0,199.84,199.84
S00942,tres coracoes,MG,1,1,0,0,286.87,286.87
S00944,guaruja,SP,3,3,0,740.5,740.5,1481
S00957,sa~o paulo,SP,1,1,0,336.89,0,336.89
S00958,ronda alta,RS,1,1,0,0,120.8,120.8
S00959,feira de santana,BA,3,3,0,1296.77,1296.77,2593.54
S00966,sa~o paulo,SP,10,10,0,0,367.04,367.04
S00969,sa~o paulo,SP,1,1,0,0,51.6,51.6
S00972,rio de janeiro,RJ,11,11,0,0,7685.41,7685.41
S00973,São Bernardo do Campo,SP,2,2,0,0,62.66,62.66
S00975,marilia,SP,7,7,0,1482.47,0,1482.47
S00977,São Bernardo do Campo,SP,39,39,0,2915.42,0,2915.42
S00978,rio de janeiro,RJ,77,77,0,0,7789.77,7789.77
S00983,Belo Horizonte,MG,1,1,0,63.4,0,63.4
S00985,sao jose do rio preto,SP,7,7,0,1493.23,1493.23,2986.46
S00987,osasco,SP,1,1,45.96,0,0,45.96
S00988,dois corregos,SP,6,6,0,427.05,427.05,854.1
S00992,campinas,SP,4,4,0,0,112.71,112.71
S01293,marilia,SP,26,26,0,6726.58,6726.58,13453.16
S01294,curitiba,PR,2,2,0,0,97.39,97.39
S01296,bebedouro,SP,127,127,0,7754.18,7754.18,15508.36
S01297,nova iguacu,RJ,19,19,0,0,2207.49,2207.49
S01298,sao caetano do sul,SP,21,21,0,854.46,0,854.46
S01300,curitiba,PR,82,82,0,7303.85,7303.85,14607.7
S01301,marialva,PR,1,1,0,113.87,0,113.87
S01306,piracanjuba,GO,8,8,0,0,1465.73,1465.73
S01313,blumenau,SC,10,10,0,2584.03,2584.03,5168.06
S01318,castro,PR,17,17,0,9549.19,9549.19,19098.38
S01323,maringa,PR,5,5,0,0,266.18,266.18
S01340,palhoca,SC,1,1,0,96.33,0,96.33
S01342,Belo Horizonte,MG,42,42,0,2149.76,0,2149.76
S01354,santos,SP,31,31,0,4967.68,4967.68,9935.36
S01355,guarulhos,SP,212,212,0,15616.01,15616.01,31232.02
S01357,sa~o paulo,SP,3,3,0,0,676.01,676.01
S01359,rio de janeiro,RJ,13,13,0,2824.65,2824.65,5649.3
S01364,fernandopolis,SP,35,35,0,2517.93,2517.93,5035.86
S01369,barueri,SP,3,3,0,0,144.74,144.74
S01370,sao jose do rio preto,SP,77,77,0,10937.34,10937.34,21874.68
S01371,juiz de fora,MG,1,1,0,18.56,0,18.56
S01372,sa~o paulo,SP,213,213,0,12129.57,12129.57,24259.14
S01376,sa~o paulo,SP,8,8,0,553.29,553.29,1106.58
S01384,sete lagoas,MG,5,5,0,1704.44,1704.44,3408.88
S01385,sa~o paulo,SP,36,36,0,4104.05,4104.05,8208.1
S01387,porto alegre,RS,8,8,0,896.83,896.83,1793.66
S01389,curitiba,PR,1,1,0,0,156.16,156.16
S01393,monte alto,SP,6,6,0,0,1658.09,1658.09
S01394,sao jose do rio preto,SP,6,6,0,0,1792.13,1792.13
S01398,videira,SC,203,203,0,40570.13,40570.13,81140.26
S01399,alambari,SP,5,5,0,0,219.75,219.75
S01403,mogi das cruzes,SP,1,1,0,68.55,0,68.55
S01405,marechal candido rondon,PR,4,4,0,0,256.99,256.99
S01411,claudio,MG,7,7,0,1270.06,1270.06,2540.12
S01414,mineiros do tiete,SP,49,49,0,2259.32,2259.32,4518.64
S01417,cascavel,PR,4,4,0,0,710.62,710.62
S01419,sa~o paulo,SP,1,1,0,47.32,0,47.32
S01420,rio claro,SP,22,22,0,0,2795.36,2795.36
S01424,Brasilia,DF,7,7,0,0,837.13,837.13
S01427,curitiba,PR,29,29,0,7379.53,7379.53,14759.06
S01430,caxias do sul,RS,1,1,0,251.83,0,251.83
S01437,sa~o paulo,SP,6,6,0,0,596.68,596.68
S01438,santos,SP,1,1,0,0,62.97,62.97
S01442,mogi guacu,SP,5,5,0,248.88,0,248.88
S01443,goiania,GO,54,54,0,8235.4,8235.4,16470.8
S01445,campinas,SP,1,1,0,0,117.92,117.92
S01456,guarulhos,SP,59,59,0,0,23653.46,23653.46
S01466,sa~o paulo,SP,1,1,0,15.22,0,15.22
S01469,guarulhos,SP,5,5,0,0,289.61,289.61
S01472,diadema,SP,26,26,0,0,2613.58,2613.58
S01473,lajeado,RS,2,2,0,1082.56,0,1082.56
S01475,campos dos goytacazes,RJ,12,12,0,0,1888.44,1888.44
S01486,mogi das cruzes,SP,2,2,0,212.57,0,212.57
S01491,araraquara,SP,8,8,0,494.07,0,494.07
S01496,sa~o paulo,SP,3,3,0,0,392.24,392.24
S01499,rio claro,SP,23,23,0,3999.6,3999.6,7999.2
S01503,jacutinga,MG,62,62,0,8384.31,8384.31,16768.62
S01515,sa~o paulo,SP,3,3,0,0,204.86,204.86
S01518,braganca paulista,SP,32,32,0,23272.78,23272.78,46545.56
S01520,sa~o paulo,SP,1,1,0,70.65,0,70.65
S01524,tubarao,SC,5,5,0,0,2616.3,2616.3
S01527,bauru,SP,1,1,0,0,125.52,125.52
S01529,boituva,SP,14,14,0,647.75,647.75,1295.5
S01530,sao caetano do sul,SP,1,1,0,147.59,0,147.59
S01334,sa~o paulo,SP,169,169,0,16298.53,16298.53,32597.06
S01338,sa~o paulo,SP,7,7,0,295.77,0,295.77
S01339,sa~o paulo,SP,2,2,0,667.83,0,667.83
S01341,sa~o paulo,SP,11,11,0,0,1900.09,1900.09
S01346,colombo,PR,1,1,0,235.28,0,235.28
S01350,marapoama,SP,1,1,0,182.59,0,182.59
S01352,jundiai,SP,10,10,0,0,1749.77,1749.77
S01360,curitiba,PR,2,2,0,0,229.25,229.25
S01362,sa~o paulo,SP,44,44,0,6452.14,0,6452.14
S01365,sa~o paulo,SP,80,80,0,8471.84,8471.84,16943.68
S01367,barretos,SP,4,4,1326.31,1326.31,0,2652.62
S01380,sa~o paulo,SP,2,2,0,512.55,0,512.55
S01382,itatiba,SP,109,109,0,33988.07,33988.07,67976.14
S01392,penapolis,SP,328,328,0,44008.2900000001,44008.2900000001,88016.5800000001
S01395,sa~o paulo,SP,2,2,0,0,138.14,138.14
S01397,tatui,SP,1,1,0,184.71,0,184.71
S01400,campinas,SP,39,39,0,1827.92,1827.92,3655.84
S01404,sa~o paulo,SP,9,9,0,0,706.48,706.48
S01407,santana de parnaiba,SP,3,3,0,0,1249.52,1249.52
S01408,novo hamburgo,RS,1,1,0,0,90.04,90.04
S01416,sa~o paulo,SP,18,18,0,2404.97,2404.97,4809.94
S01421,sao carlos,SP,2,2,0,76.22,0,76.22
S01426,campina grande,PB,2,2,0,0,149.3,149.3
S01429,sao carlos,SP,2,2,0,444.99,444.99,889.98
S01431,cambe,PR,4,4,0,659.57,659.57,1319.14
S01434,sa~o paulo,SP,4,4,0,0,1048.61,1048.61
S01439,guarulhos,SP,1,1,0,61.74,0,61.74
S01440,sa~o paulo,SP,2,2,0,117.06,117.06,234.12
S01448,caxias do sul,RS,5,5,0,516.93,516.93,1033.86
S01452,sa~o paulo,SP,3,3,0,0,514.9,514.9
S01453,londrina,PR,4,4,0,240.12,0,240.12
S01455,guarulhos,SP,3,3,0,88.74,88.74,177.48
S01462,sa~o paulo,SP,136,136,34533.95,34533.95,34533.95,103601.85
S01463,curitiba,PR,64,64,0,19811.78,19811.78,39623.56
S01465,sa~o paulo,SP,15,15,0,0,1311.08,1311.08
S01470,sa~o paulo,SP,6,6,0,0,528.33,528.33
S01477,araraquara,SP,1,1,0,0,511.76,511.76
S01478,campinas,SP,1,1,0,136.3,0,136.3
S01482,bento goncalves,RS,1,1,0,0,200.54,200.54
S01483,sa~o paulo,SP,11,11,0,0,1394.95,1394.95
S01485,bauru,SP,7,7,0,1768.9,0,1768.9
S01492,curitiba,PR,1,1,0,364.64,0,364.64
S01500,bauru,SP,2,2,0,568.36,0,568.36
S01504,curitiba,PR,11,11,0,1586.81,1586.81,3173.62
S01507,francisco beltrao,PR,1,1,0,0,109.9,109.9
S01509,sao caetano do sul,SP,5,5,0,1099.59,0,1099.59
S01511,catanduva,SP,5,5,0,0,1118.6,1118.6
S01512,sao jose do rio preto,SP,1,1,0,23.46,0,23.46
S01516,bauru,SP,27,27,0,0,2286.38,2286.38
S01522,goiania,GO,5,5,0,0,456.6,456.6
S01525,loanda,PR,8,8,0,0,778.63,778.63
S01528,sa~o paulo,SP,11,11,0,860.94,0,860.94
S01535,sa~o paulo,SP,24,24,0,0,1345.46,1345.46
S01538,sa~o paulo,SP,2,2,0,0,60.33,60.33
S01540,sa~o paulo,SP,1,1,0,0,204.81,204.81
S01543,mogi das cruzes,SP,69,69,8003.21,8003.21,8003.21,24009.63
S01544,campo grande,MS,2,2,0,0,248.42,248.42
S01547,ibitinga,SP,7,7,0,0,1098.85,1098.85
S01549,guaruja,SP,4,4,0,237.8,237.8,475.6
S01551,sa~o paulo,SP,41,41,6213.21,6213.21,6213.21,18639.63
S01556,franca,SP,159,159,0,27920.62,27920.62,55841.24
S01561,barueri,SP,338,338,182429.52,182429.52,182429.52,547288.56
S01566,sa~o paulo,SP,2,2,0,111.83,0,111.83
S01570,rio claro,SP,6,6,0,0,1435.62,1435.62
S01573,guarulhos,SP,14,14,0,0,2835.82,2835.82
S00743,sa~o paulo,SP,1,1,0,0,84.78,84.78
S00747,sa~o paulo,SP,2,2,0,740.97,0,740.97
S00756,rio de janeiro,RJ,7,7,0,0,1014.95,1014.95
S00760,araraquara,SP,37,37,0,3341.73,3341.73,6683.46
S00762,itaquaquecetuba,SP,2,2,0,0,100.9,100.9
S00765,osvaldo cruz,SP,1,1,0,885.8,0,885.8
S00773,sa~o paulo,SP,8,8,0,0,1309.87,1309.87
S00777,ribeirao pires,SP,21,21,0,0,1649.43,1649.43
S00786,sa~o paulo,SP,11,11,0,1829.91,0,1829.91
S00793,ibitinga,SP,1,1,0,317.37,0,317.37
S00797,Brasilia,DF,36,36,0,7982.38,7982.38,15964.76
S00801,pinhalzinho,SC,3,3,0,99.14,0,99.14
S00806,sao jose do rio pardo,SP,12,12,0,970.33,970.33,1940.66
S00809,ribeirao pires,SP,4,4,0,0,712.62,712.62
S00811,campinas,SP,1,1,0,44.42,0,44.42
S00814,porto alegre,RS,3,3,0,1298.34,1298.34,2596.68
S00815,mogi das cruzes,SP,8,8,0,824.25,824.25,1648.5
S00816,maringa,PR,1,1,0,205.4,0,205.4
S00820,Brasilia,DF,144,144,0,20911.45,20911.45,41822.9
S00830,presidente prudente,SP,42,42,0,4474.27,4474.27,8948.54
S00833,sorocaba,SP,2,2,0,0,90.98,90.98
S00842,rio de janeiro,RJ,1,1,0,0,105.45,105.45
S00847,diadema,SP,3,3,0,0,1632.99,1632.99
S00848,pedro leopoldo,MG,3,3,0,230.8,0,230.8
S00851,piracicaba,SP,71,71,0,17601.45,17601.45,35202.9
S00856,taio,SC,3,3,0,0,315.44,315.44
S00859,porto alegre,RS,7,7,0,1027.37,0,1027.37
S00864,curitiba,PR,34,34,666,666,0,1332
S00865,barra mansa,RJ,11,11,0,779.14,0,779.14
S00877,formiga,MG,13,13,0,3325.93,3325.93,6651.86
S00878,São Bernardo do Campo,SP,1,1,0,0,165.26,165.26
S00889,ibitinga,SP,18,18,0,0,2578.98,2578.98
S00897,sa~o paulo,SP,1,1,0,0,188.28,188.28
S00898,santo andre,SP,5,5,0,0,209.23,209.23
S00906,campo limpo paulista,SP,48,48,0,7302.33,0,7302.33
S00922,Belo Horizonte,MG,5,5,0,0,1689.99,1689.99
S00923,entre rios do oeste,PR,8,8,4633.46,4633.46,0,9266.92
S00925,Belo Horizonte,MG,2,2,0,327.43,0,327.43
S00927,sa~o paulo,SP,2,2,0,0,222.74,222.74
S00928,cornelio procopio,PR,48,48,0,3564.55,3564.55,7129.1
S00932,valinhos,SP,5,5,0,0,353.26,353.26
S00933,sa~o paulo,SP,1,1,0,164.45,0,164.45
S00934,colombo,PR,14,14,0,0,704.42,704.42
S00935,sa~o paulo,SP,4,4,0,0,673.93,673.93
S00937,sao joao de meriti,RJ,2,2,0,347.73,347.73,695.46
S00943,ribeirao preto,SP,23,23,0,0,2176.36,2176.36
S00945,jaboticabal,SP,85,85,0,11900.56,11900.56,23801.12
S00947,sa~o paulo,SP,10,10,0,2688.25,0,2688.25
S00948,jacarei,SP,420,420,49872.37,49872.37,49872.37,149617.11
S00956,Belo Horizonte,MG,2,2,0,0,1070.39,1070.39
S00960,maringa,PR,2,2,0,0,118.84,118.84
S00961,santos,SP,12,12,0,831.52,831.52,1663.04
S00976,campo grande,MS,6,6,1154.72,1154.72,0,2309.44
S00979,conchal,SP,13,13,0,3098.66,3098.66,6197.32
S00986,cascavel,PR,3,3,0,0,378.76,378.76
S00989,santos,SP,66,66,0,4383.46,0,4383.46
S00999,sao roque,SP,2,2,0,75.1,0,75.1
S01002,sao carlos,SP,7,7,0,0,781.55,781.55
S01006,novo hamburgo,RS,21,21,0,6276.78,6276.78,12553.56
S01008,curitiba,PR,1,1,0,222.13,0,222.13
S01011,penapolis,SP,1,1,0,0,106.55,106.55
S01017,santo andre,SP,74,74,0,9579.68,9579.68,19159.36
S01020,rio de janeiro,RJ,163,163,0,6797.55,6797.55,13595.1
S01574,toledo,PR,9,9,0,0,2180.49,2180.49
S01577,jaragua do sul,SC,4,4,0,321.34,0,321.34
S01579,maringa,PR,1,1,0,33.9,0,33.9
S01591,ibitinga,SP,415,415,0,52913.92,52913.92,105827.84
S01596,sa~o paulo,SP,5,5,0,216.7,0,216.7
S01603,tres rios,RJ,69,69,0,4142.24,4142.24,8284.48
S01604,mogi guacu,SP,8,8,4945.21,4945.21,0,9890.42
S01606,curitiba,PR,103,103,4951.9,4951.9,4951.9,14855.7
S01609,caxias do sul,RS,15,15,0,0,966.83,966.83
S01611,sa~o paulo,SP,2,2,0,0,219.19,219.19
S01618,amparo,SP,3,3,0,0,529.47,529.47
S01620,sao carlos,SP,3,3,0,0,330.46,330.46
S01621,francisco beltrao,PR,2,2,0,0,185.87,185.87
S01630,sa~o paulo,SP,2,2,0,78.04,0,78.04
S01631,curitiba,PR,2,2,0,58.14,0,58.14
S01643,sa~o paulo,SP,2,2,0,0,294.9,294.9
S01644,sa~o paulo,SP,17,17,0,984.34,984.34,1968.68
S01649,jacarei,SP,95,95,0,8491.59,8491.59,16983.18
S01652,franca,SP,16,16,8487.22,8487.22,8487.22,25461.66
S01662,sa~o paulo,SP,17,17,0,2349.91,2349.91,4699.82
S01673,sa~o paulo,SP,3,3,0,0,288.01,288.01
S01674,taboao da serra,SP,1,1,0,141.52,0,141.52
S01679,sa~o paulo,SP,29,29,0,4775.04,4775.04,9550.08
S01682,sa~o paulo,SP,2,2,0,0,176.14,176.14
S01685,sa~o paulo,SP,17,17,551.65,551.65,0,1103.3
S01687,sa~o paulo,SP,2,2,0,0,92.75,92.75
S01698,presidente prudente,SP,100,100,0,0,8921.35,8921.35
S01704,igaracu do tiete,SP,1,1,91.16,0,0,91.16
S01708,fazenda rio grande,PR,6,6,0,0,488.48,488.48
S01709,sa~o paulo,SP,950,950,0,29338.22,29338.22,58676.44
S01711,sa~o paulo,SP,5,5,0,1853.9,0,1853.9
S01720,praia grande,SP,2,2,0,150.66,150.66,301.32
S01722,indaiatuba,SP,11,11,0,0,709.66,709.66
S01725,campo largo,PR,11,11,0,0,2340.78,2340.78
S01726,maua,SP,3,3,0,137.52,0,137.52
S01730,rio claro,SP,2,2,0,288.63,0,288.63
S01732,campinas,SP,15,15,0,943.85,943.85,1887.7
S01735,sa~o paulo,SP,3,3,0,130.02,0,130.02
S01736,São Bernardo do Campo,SP,212,212,0,13473.07,13473.07,26946.14
S01744,sa~o paulo,SP,5,5,0,0,210.44,210.44
S01749,sao goncalo,RJ,65,65,0,10139.48,10139.48,20278.96
S01753,blumenau,SC,19,19,0,0,4562.97,4562.97
S01757,pirituba,SP,153,153,0,21080.3,21080.3,42160.6
S01763,santo andre,SP,6,6,0,0,893.71,893.71
S01767,paulo lopes,SC,5,5,0,2456.44,2456.44,4912.88
S01774,mogi guacu,SP,4,4,0,0,258.12,258.12
S01778,taboao da serra,SP,3,3,0,0,805.77,805.77
S01779,sao jose do rio preto,SP,2,2,0,0,150.96,150.96
S01783,blumenau,SC,6,6,0,1100.57,1100.57,2201.14
S01787,valinhos,SP,2,2,0,76.72,0,76.72
S01791,sa~o paulo,SP,63,63,0,6091.92,0,6091.92
S01801,curitiba,PR,2,2,0,263.11,0,263.11
S01803,conselheiro lafaiete,MG,4,4,0,0,488.25,488.25
S01812,rio de janeiro,RJ,10,10,0,2225.84,2225.84,4451.68
S01819,ibitinga,SP,66,66,0,0,5117,5117
S01824,apucarana,PR,2,2,0,155.58,0,155.58
S01825,sa~o paulo,SP,1290,1290,0,139260.8,139260.8,278521.6
S01826,sa~o paulo,SP,1,1,0,94.21,0,94.21
S01834,sa~o paulo,SP,28,28,0,0,3815.02,3815.02
S01835,umuarama,PR,92,92,0,7007.39,7007.39,14014.78
S01836,rio de janeiro,RJ,4,4,0,10082.56,0,10082.56
S01841,sa~o paulo,SP,86,86,0,5851.24,5851.24,11702.48
S01843,sa~o paulo,SP,12,12,0,0,4880.84,4880.84
S01850,sa~o paulo,SP,12,12,0,0,1725.28,1725.28
S00993,parnamirim,RN,14,14,0,3710.64,3710.64,7421.28
S00995,guarulhos,SP,4,4,0,0,478.82,478.82
S00997,tupa,SP,1,1,0,0,78.12,78.12
S00998,sa~o paulo,SP,2,2,0,1013.84,0,1013.84
S01000,maringa,PR,3,3,0,0,858.85,858.85
S01003,pinhais,PR,6,6,0,5760.72,5760.72,11521.44
S01009,california,PR,6,6,0,8492.65,8492.65,16985.3
S01014,lauro de freitas,BA,358,358,0,219949.85,219949.85,439899.7
S01021,sa~o paulo,SP,9,9,0,246.49,246.49,492.98
S01027,Belo Horizonte,MG,1,1,0,0,68.35,68.35
S01031,serra,ES,1,1,0,0,39.17,39.17
S01037,contagem,MG,7,7,0,0,588.83,588.83
S01040,São José dos Pinhais,PR,5,5,0,187.81,187.81,375.62
S01043,sa~o paulo,SP,2,2,0,0,103.49,103.49
S01049,sa~o paulo,SP,21,21,0,4382.46,4382.46,8764.92
S01052,Belo Horizonte,MG,13,13,0,966.25,966.25,1932.5
S01054,Brasilia,DF,175,175,10415.78,10415.78,10415.78,31247.34
S01055,taubate,SP,2,2,0,213.13,213.13,426.26
S01056,sa~o paulo,SP,48,48,4170.85,4170.85,4170.85,12512.55
S01058,São Bernardo do Campo,SP,1,1,0,77.65,0,77.65
S01062,sa~o paulo,SP,2,2,0,148.92,0,148.92
S01064,chapeco,SC,2,2,0,0,329.68,329.68
S01065,sao jose dos campos,SP,3,3,0,0,123.75,123.75
S01066,sao jose do rio preto,SP,27,27,5200.83,5200.83,5200.83,15602.49
S01070,palhoca,SC,6,6,0,0,1436.09,1436.09
S01073,ribeirao preto,SP,30,30,0,1681.11,1681.11,3362.22
S01079,montes claros,MG,1,1,0,3602.47,0,3602.47
S01082,sa~o paulo,SP,1,1,0,698.9,0,698.9
S01084,rio claro,SP,2,2,0,0,293.26,293.26
S01085,colombo,PR,3,3,0,328.85,0,328.85
S01086,conselheiro lafaiete,MG,45,45,0,0,7903.69,7903.69
S01088,contagem,MG,37,37,0,0,3935.5,3935.5
S01094,praia grande,SP,11,11,0,530.55,0,530.55
S01095,maringa,PR,10,10,0,0,901.14,901.14
S01101,sa~o paulo,SP,1,1,0,0,30.22,30.22
S01107,treze tilias,SC,2,2,0,0,255.59,255.59
S01108,petropolis,RJ,1,1,0,66.82,0,66.82
S01110,joinville,SC,13,13,0,2987.2,0,2987.2
S01112,guarulhos,SP,13,13,0,0,1234.58,1234.58
S01113,ibitinga,SP,12,12,0,0,1375.77,1375.77
S01126,joao pinheiro,MG,4,4,0,1769.59,0,1769.59
S01136,varginha,MG,2,2,0,393.61,0,393.61
S01141,patos de minas,MG,152,152,0,16957.06,16957.06,33914.12
S01147,birigui,SP,2,2,0,278.14,0,278.14
S01148,sa~o paulo,SP,6,6,0,0,1409.75,1409.75
S01154,santa barbara d´oeste,SP,328,328,0,123210.96,123210.96,246421.92
S01155,florianopolis,SC,2,2,0,0,107.75,107.75
S01159,sao jose do rio preto,SP,8,8,0,0,1745.73,1745.73
S01160,santa terezinha de itaipu,PR,1,1,0,467.61,0,467.61
S01162,Balneário Camboriú,SC,3,3,0,559.77,559.77,1119.54
S01164,vargem grande do sul,SP,9,9,0,1435.18,1435.18,2870.36
S01165,ribeirao preto,SP,9,9,0,2718.74,2718.74,5437.48
S01169,sa~o paulo,SP,63,63,0,3292.97,3292.97,6585.94
S01171,arapongas,PR,10,10,0,0,1357.09,1357.09
S01177,canoas,RS,10,10,0,796.7,796.7,1593.4
S01178,sa~o paulo,SP,8,8,0,1284.34,0,1284.34
S01184,campinas,SP,5,5,0,0,3018.86,3018.86
S01185,brusque,SC,118,118,0,0,8824.68,8824.68
S01189,novo hamburgo,RS,107,107,0,0,25135.49,25135.49
S01190,curitiba,PR,2,2,0,3119.14,3119.14,6238.28
S01192,rio de janeiro,RJ,2,2,0,0,261.05,261.05
S01193,varginha,MG,2,2,0,686.24,0,686.24
S01194,osasco,SP,2,2,0,105.02,105.02,210.04
S01533,sao goncalo,RJ,2,2,0,0,165.63,165.63
S01534,picarras,SC,4,4,0,0,908.64,908.64
S01537,garca,SP,3,3,0,0,142.24,142.24
S01539,sete lagoas,MG,1,1,0,40.1,0,40.1
S01552,dores de campos,MG,1,1,0,0,949.62,949.62
S01562,sa~o paulo,SP,2,2,0,546.55,0,546.55
S01565,campinas,SP,7,7,0,1076.65,1076.65,2153.3
S01581,sa~o paulo,SP,21,21,0,0,1014.92,1014.92
S01582,sa~o paulo,SP,26,26,0,4298.03,4298.03,8596.06
S01586,pinhais,PR,99,99,14103.77,14103.77,14103.77,42311.31
S01592,bauru,SP,29,29,0,4623.43,4623.43,9246.86
S01595,tabao da serra,SP,8,8,0,0,1602.57,1602.57
S01598,divinopolis,MG,2,2,0,257.46,0,257.46
S01602,sa~o paulo,SP,28,28,0,0,20616.32,20616.32
S01605,Balneário Camboriú,SC,18,18,0,5687.34,5687.34,11374.68
S01607,sa~o paulo,SP,1,1,0,0,37.13,37.13
S01610,sa~o paulo,SP,44,44,0,7361.88,7361.88,14723.76
S01616,santa terezinha de itaipu,PR,14,14,0,1245.1,1245.1,2490.2
S01623,cotia,SP,2,2,0,0,822.4,822.4
S01624,florianopolis,SC,40,40,0,6128.66,6128.66,12257.32
S01626,ribeirao preto,SP,3,3,0,0,101.38,101.38
S01629,campo bom,RS,12,12,0,0,8113.03,8113.03
S01633,osasco,SP,4,4,0,0,305.51,305.51
S01634,cascavel,PR,1,1,0,0,1638.72,1638.72
S01636,sa~o paulo,SP,188,188,0,48171.3900000001,48171.3900000001,96342.7800000001
S01639,guarulhos,SP,427,427,0,73360.56,73360.56,146721.12
S01642,itapema,SC,2,2,0,87.7,87.7,175.4
S01645,garopaba,SC,10,10,0,2845.12,2845.12,5690.24
S01647,ribeirao preto,SP,13,13,0,0,1502.02,1502.02
S01650,medianeira,PR,1,1,0,77.66,0,77.66
S01651,arapongas,PR,5,5,0,1758.22,1758.22,3516.44
S01658,santo andre,SP,3,3,0,793.34,0,793.34
S01660,guaimbe,SP,1,1,0,0,48.98,48.98
S01661,suzano,SP,13,13,16182.38,16182.38,16182.38,48547.14
S01668,ipua,SP,1,1,0,0,291.72,291.72
S01672,lencois paulista,SP,1,1,0,122.98,0,122.98
S01675,brusque,SC,1,1,0,0,199.36,199.36
S01677,guaratuba,PR,2,2,0,0,294.7,294.7
S01680,sa~o paulo,SP,1,1,0,412.21,0,412.21
S01681,ribeirao preto,SP,333,333,23762.02,23762.02,23762.02,71286.0600000001
S01688,sa~o paulo,SP,2,2,0,0,777.13,777.13
S01690,vassouras,RJ,11,11,0,0,1166.21,1166.21
S01691,sa~o paulo,SP,58,58,0,4776.01,4776.01,9552.02
S01703,navegantes,SC,65,65,0,17766.34,17766.34,35532.68
S01707,sao jose dos campos,SP,144,144,0,11398.44,11398.44,22796.88
S01710,osasco,SP,5,5,0,0,1162.81,1162.81
S01712,londrina,PR,15,15,0,13110.7,13110.7,26221.4
S01715,tres de maio,RS,7,7,0,571.8,571.8,1143.6
S01716,sa~o paulo,SP,33,33,0,5087.02,5087.02,10174.04
S01728,jaragua do sul,SC,67,67,0,3974.08,3974.08,7948.16
S01734,sao roque,SP,4,4,0,0,383.49,383.49
S01738,paulo lopes,SC,1,1,0,0,67.24,67.24
S01739,sa~o paulo,SP,1,1,0,0,2155.35,2155.35
S01743,campinas,SP,11,11,0,1532.43,1532.43,3064.86
S01747,araguari,MG,107,107,0,8813.91,8813.91,17627.82
S01751,cacador,SC,2,2,0,160.67,160.67,321.34
S01761,toledo,PR,1,1,0,0,98.42,98.42
S01765,sao jose do rio preto,SP,1,1,0,0,376.57,376.57
S01773,porto alegre,RS,5,5,0,2012.56,2012.56,4025.12
S01777,curitiba,PR,2,2,0,0,241.21,241.21
S01781,amparo,SP,6,6,0,0,1369.05,1369.05
S01790,barra mansa,RJ,6,6,0,2117.09,2117.09,4234.18
S01792,rio de janeiro,RJ,1,1,0,51.42,0,51.42
S01795,sa~o paulo,SP,1,1,0,0,121.67,121.67
S01796,londrina,PR,4,4,0,0,272.76,272.76
S01800,londrina,PR,1,1,0,0,60.4,60.4
S01807,Belo Horizonte,MG,35,35,0,8951.98,8951.98,17903.96
S01808,viamao,RS,68,68,0,17003.32,17003.32,34006.64
S01814,guarulhos,SP,7,7,0,290.16,290.16,580.32
S01815,sorocaba,SP,3,3,0,339.29,0,339.29
S01816,clementina,SP,5,5,0,311.66,311.66,623.32
S01821,sa~o paulo,SP,2,2,0,818.33,0,818.33
S01823,joao monlevade,MG,3,3,0,195.3,0,195.3
S01831,rio de janeiro,RJ,177,177,0,13220.66,13220.66,26441.32
S01833,borda da mata,MG,53,53,0,4316.3,4316.3,8632.6
S01840,diadema,SP,75,75,0,0,52935.87,52935.87
S01847,brusque,SC,85,85,0,9940.07,9940.07,19880.14
S01848,claudio,MG,13,13,0,1032.01,1032.01,2064.02
S01852,sa~o paulo,SP,3,3,0,0,489.1,489.1
S01859,americana,SP,1,1,0,280.91,0,280.91
S01869,jaguariuna,SP,49,49,0,3703.64,3703.64,7407.28
S01870,tupa,SP,3,3,0,73.37,0,73.37
S01877,catanduva,SP,7,7,0,0,1314.39,1314.39
S01878,belford roxo,RJ,1,1,0,295.99,0,295.99
S01882,sa~o paulo,SP,1,1,0,0,69.67,69.67
S01889,pitanga,PR,2,2,0,326.08,0,326.08
S01894,indaiatuba,SP,32,32,0,6612.45,6612.45,13224.9
S01895,sa~o paulo,SP,9,9,0,1269.87,1269.87,2539.74
S01896,blumenau,SC,14,14,0,2265.19,2265.19,4530.38
S01905,loanda,PR,3,3,0,0,304.72,304.72
S01907,camanducaia,MG,10,10,0,1005.11,1005.11,2010.22
S01908,osasco,SP,7,7,0,0,835.19,835.19
S01910,araucaria,PR,4,4,0,116.38,116.38,232.76
S01911,franca,SP,4,4,0,0,368.4,368.4
S01920,franca,SP,13,13,0,1025.78,1025.78,2051.56
S01921,osasco,SP,1,1,0,0,234.61,234.61
S01922,votuporanga,SP,6,6,0,1612.03,0,1612.03
S01923,sa~o paulo,SP,4,4,0,0,843.93,843.93
S01924,sa~o paulo,SP,2,2,0,0,198.82,198.82
S01931,mirandopolis,SP,74,74,0,14148.16,14148.16,28296.32
S01932,sao caetano do sul,SP,9,9,0,0,600.85,600.85
S01933,sa~o paulo,SP,2,2,0,0,222.88,222.88
S01934,sao carlos,SP,1,1,0,72.74,0,72.74
S01945,nova iguacu,RJ,10,10,0,4247.98,4247.98,8495.96
S01947,divinopolis,MG,8,8,0,0,606.93,606.93
S01948,sa~o paulo,SP,4,4,0,0,435.57,435.57
S01949,sa~o paulo,SP,8,8,0,1342.14,1342.14,2684.28
S01956,indaiatuba,SP,2,2,0,0,476.98,476.98
S01966,sa~o paulo,SP,1,1,0,32.75,0,32.75
S01975,osasco,SP,16,16,0,0,4009.34,4009.34
S01977,sa~o paulo,SP,16,16,0,0,1119.53,1119.53
S01978,miguelopolis,SP,3,3,0,380.44,0,380.44
S01986,barueri,SP,9,9,0,1536.97,0,1536.97
S02002,mirassol,SP,2,2,0,0,453.92,453.92
S02006,florianopolis,SC,7,7,0,4620.76,0,4620.76
S02008,rio de janeiro,RJ,4,4,0,1793.31,1793.31,3586.62
S02010,sao caetano do sul,SP,1,1,0,0,121.62,121.62
S02013,uberlandia,MG,4,4,0,0,396.73,396.73
S02019,caruaru,PE,6,6,0,352.54,352.54,705.08
S02022,niteroi,RJ,7,7,0,0,7036.19,7036.19
S02028,mamanguape,PB,16,16,0,15046.63,15046.63,30093.26
S02031,flores da cunha,RS,5,5,0,0,777.52,777.52
S02037,sa~o paulo,SP,2,2,0,0,99.67,99.67
S02044,umuarama,PR,54,54,0,18678.82,18678.82,37357.64
S02045,limeira,SP,2,2,0,159.68,0,159.68
S02052,jundiai,SP,2,2,0,114,0,114
S02054,sa~o paulo,SP,1,1,0,0,91.17,91.17
S02055,curitiba,PR,3,3,0,0,323.46,323.46
S02056,betim,MG,1,1,0,0,114.57,114.57
S01195,araraquara,SP,4,4,0,0,322.9,322.9
S01199,petropolis,RJ,753,753,123899.95,123899.95,123899.95,371699.850000001
S01202,claudio,MG,1,1,0,0,133.96,133.96
S01206,santo andre,SP,22,22,0,4812.48,4812.48,9624.96
S01215,rio de janeiro,RJ,268,268,0,37684.05,37684.05,75368.1
S01219,sa~o paulo,SP,37,37,0,7247.16,7247.16,14494.32
S01220,sao jose do rio pardo,SP,7,7,242.31,242.31,0,484.62
S01221,sa~o paulo,SP,1,1,0,34.01,0,34.01
S01230,curitiba,PR,2,2,0,0,564.14,564.14
S01231,ipira,SC,1,1,0,0,224.45,224.45
S01242,eunapolis,BA,12,12,0,1618.94,1618.94,3237.88
S01246,sa~o paulo,SP,36,36,0,0,4897.73,4897.73
S01253,pinhais,PR,1,1,0,0,28.01,28.01
S01254,Belo Horizonte,MG,153,153,0,17211.55,17211.55,34423.1
S01255,rio do sul,SC,162,162,0,14993.36,14993.36,29986.72
S01257,jau,SP,37,37,0,4210.88,4210.88,8421.76
S01258,sa~o paulo,SP,31,31,0,12977.99,12977.99,25955.98
S01259,campina das missoes,RS,11,11,0,1047.12,0,1047.12
S01265,rio bonito,RJ,6,6,0,3626.5,0,3626.5
S01269,guarulhos,SP,2,2,0,52.24,0,52.24
S01272,formiga,MG,6,6,0,0,714.9,714.9
S01276,pedreira,SP,1,1,0,0,202.62,202.62
S01283,osasco,SP,1,1,0,182.45,0,182.45
S01284,sao jose dos campos,SP,98,98,0,0,10389.87,10389.87
S01287,rio de janeiro,RJ,4,4,0,0,149.53,149.53
S01288,apucarana,PR,3,3,0,400.76,0,400.76
S01289,birigui,SP,2,2,0,0,987.02,987.02
S01295,sa~o paulo,SP,26,26,0,0,1069.87,1069.87
S01299,porto alegre,RS,1,1,0,0,1759.04,1759.04
S01302,Brasilia,DF,12,12,0,0,4529.19,4529.19
S01305,sa~o paulo,SP,7,7,0,0,322.88,322.88
S01307,guarulhos,SP,45,45,0,0,3947.82,3947.82
S01316,sa~o paulo,SP,5,5,0,8359.02,8359.02,16718.04
S01320,franca,SP,5,5,0,0,628.72,628.72
S01321,sa~o paulo,SP,5,5,0,524.5,0,524.5
S01326,brotas,SP,2,2,0,34.75,0,34.75
S01330,rio de janeiro,RJ,1,1,0,108.86,0,108.86
S01331,curitiba,PR,4,4,0,367.39,0,367.39
S01332,joinville,SC,13,13,0,946.43,946.43,1892.86
S01336,sao joaquim da barra,SP,58,58,0,8736.54,8736.54,17473.08
S01344,sa~o paulo,SP,5,5,0,0,502.2,502.2
S01345,rio claro,SP,8,8,0,0,573.23,573.23
S01347,sa~o paulo,SP,30,30,0,0,13563.66,13563.66
S01349,flores da cunha,RS,5,5,0,0,1053.25,1053.25
S01353,rio de janeiro,RJ,1,1,0,0,82.03,82.03
S01358,sa~o paulo,SP,4,4,0,206.66,206.66,413.32
S01363,sorocaba,SP,3,3,0,0,7939.25,7939.25
S01368,goiania,GO,5,5,0,0,382.84,382.84
S01375,jacarei,SP,315,315,0,35124.31,35124.31,70248.62
S01377,franco da rocha,SP,7,7,0,0,869.73,869.73
S01379,rio de janeiro,RJ,78,78,0,0,11042.8,11042.8
S01383,sa~o paulo,SP,2,2,0,0,277.68,277.68
S01388,videira,SC,79,79,0,44965.63,44965.63,89931.26
S01402,franca,SP,53,53,0,13522.49,13522.49,27044.98
S01410,rio das pedras,SP,1,1,0,0,249.39,249.39
S01418,guarulhos,SP,31,31,0,0,12652.47,12652.47
S01423,araras,SP,2,2,0,0,1281.23,1281.23
S01425,lagoa santa,MG,12,12,0,0,1545.83,1545.83
S01428,campinas,SP,8,8,0,0,797.98,797.98
S01432,santo andre,SP,5,5,0,0,157.64,157.64
S01433,colombo,PR,79,79,0,23305.3,23305.3,46610.6
S01435,ibitinga,SP,2,2,0,222.37,222.37,444.74
S01446,Brasilia,DF,3,3,0,277.32,0,277.32
S01451,maua,SP,1,1,0,76.08,0,76.08
S01857,rio claro,SP,14,14,0,0,1246.66,1246.66
S01858,São Bernardo do Campo,SP,4,4,0,0,491.2,491.2
S01862,curitiba,PR,18,18,8893.33,8893.33,8893.33,26679.99
S01867,cuiaba,MT,36,36,0,5188.33,5188.33,10376.66
S01868,maringa,PR,12,12,0,0,2273.2,2273.2
S01871,sa~o paulo,SP,2,2,0,50.83,0,50.83
S01873,sa~o paulo,SP,52,52,0,0,4347.22,4347.22
S01880,muriae,MG,6,6,0,0,749.29,749.29
S01887,montes claros,MG,2,2,0,115.34,0,115.34
S01888,rio de janeiro,RJ,3,3,0,0,4349.04,4349.04
S01892,boituva,SP,2,2,0,0,267.78,267.78
S01899,sao jose dos campos,SP,175,175,0,32052.81,32052.81,64105.62
S01900,praia grande,SP,6,6,0,0,673.73,673.73
S01901,sa~o paulo,SP,1,1,0,59.11,0,59.11
S01902,carmo da mata,MG,1,1,0,0,133.8,133.8
S01903,caxias do sul,RS,6,6,421.16,421.16,421.16,1263.48
S01904,rio de janeiro,RJ,2,2,0,0,1262.72,1262.72
S01916,florianopolis,SP,13,13,0,591.54,591.54,1183.08
S01919,ribeirao preto,SP,1,1,0,0,37.54,37.54
S01930,taubate,SP,1,1,0,27.02,0,27.02
S01942,Belo Horizonte,MG,6,6,0,481.12,481.12,962.24
S01943,sa~o paulo,SP,1,1,0,164.71,0,164.71
S01944,bofete,SP,3,3,0,9779.46,9779.46,19558.92
S01957,rio de janeiro,RJ,10,10,0,1563.68,1563.68,3127.36
S01958,joinville,SC,4,4,0,0,1085.83,1085.83
S01959,pinhais,SP,12,12,0,3096.62,0,3096.62
S01969,araraquara,SP,4,4,0,0,240.7,240.7
S01972,sao jose do rio preto,SP,2,2,0,941.07,0,941.07
S01973,cafelandia,SP,6,6,0,0,682.2,682.2
S01974,sa~o paulo,SP,2,2,0,79.73,0,79.73
S01985,sao jose do rio preto,SP,12,12,0,2719.89,2719.89,5439.78
S01987,ribeirao preto,SP,24,24,2108.95,2108.95,2108.95,6326.85
S01988,sa~o paulo,SP,5,5,0,439.95,0,439.95
S01989,joinville,SC,256,256,31192.28,31192.28,31192.28,93576.84
S01996,sa~o paulo,SP,7,7,0,0,1625.17,1625.17
S01999,curitiba,PR,19,19,1474.75,1474.75,1474.75,4424.25
S02000,franca,SP,3,3,0,406.39,0,406.39
S02003,sa~o paulo,SP,1,1,0,88.92,0,88.92
S02009,osasco,SP,2,2,0,0,201.18,201.18
S02011,sa~o paulo,SP,2,2,0,711.25,0,711.25
S02017,sa~o paulo,SP,4,4,0,427.65,0,427.65
S02020,sa~o paulo,SP,3,3,0,0,82.38,82.38
S02023,sa~o paulo,SP,6,6,0,0,426.76,426.76
S02027,carapicuiba,SP,3,3,0,0,140.29,140.29
S02029,franca,SP,51,51,0,3572.35,3572.35,7144.7
S02034,sa~o paulo,SP,2,2,0,104.87,0,104.87
S02035,barretos,SP,1,1,0,110.3,0,110.3
S02042,sao ludgero,SC,2,2,0,354.78,0,354.78
S02046,ponta grossa,PR,3,3,0,147.3,0,147.3
S02048,prados,MG,1,1,0,0,192.71,192.71
S02050,santo andre,SP,1,1,0,312.02,0,312.02
S02053,sa~o paulo,SP,3,3,0,116.87,116.87,233.74
S02059,goiania,GO,1,1,0,304.18,0,304.18
S02064,sao jose,SC,130,130,0,11596.69,11596.69,23193.38
S02065,tatui,SP,3,3,0,134.47,134.47,268.94
S02071,xanxere,SC,7,7,0,0,2393.14,2393.14
S02084,contagem,MG,44,44,0,0,5923.66,5923.66
S02085,sa~o paulo,SP,1,1,0,179.92,0,179.92
S02092,santa terezinha de goias,GO,3,3,0,0,167.45,167.45
S02098,curitiba,PR,89,89,0,13229.66,13229.66,26459.32
S02107,sa~o paulo,SP,1,1,59.81,0,0,59.81
S02108,santo andre,SP,4,4,0,0,3548.1,3548.1
S02116,salvador,BA,1,1,0,0,207.25,207.25
S02126,cascavel,PR,2,2,0,726.15,0,726.15
S02058,sa~o paulo,SP,10,10,0,0,733.99,733.99
S02061,Belo Horizonte,MG,2,2,0,202.9,0,202.9
S02070,sa~o paulo,SP,89,89,0,15170.14,15170.14,30340.28
S02073,cuiaba,MT,48,48,0,5886.52,5886.52,11773.04
S02077,sa~o paulo,SP,1,1,0,124.04,0,124.04
S02081,mogi das cruzes,SP,1,1,0,0,79.44,79.44
S02087,caxias do sul,RS,5,5,0,273.13,0,273.13
S02094,jaguariuna,SP,6,6,0,390.84,0,390.84
S02095,araguari,MG,1,1,0,0,328.08,328.08
S02096,castro,PR,3,3,0,275.91,0,275.91
S02101,umuarama,PR,10,10,0,0,7479.63,7479.63
S02104,sa~o paulo,SP,10,10,0,0,950.77,950.77
S02105,arapongas,PR,6,6,0,0,3071.06,3071.06
S02109,colombo,PR,1,1,0,0,476.51,476.51
S02117,venancio aires,RS,4,4,0,0,242.12,242.12
S02118,rio de janeiro,RJ,1,1,0,43,0,43
S02121,Belo Horizonte,MG,11,11,0,567.4,567.4,1134.8
S02136,canoas,RS,40,40,0,3888.67,3888.67,7777.34
S02140,ibitinga,SP,110,110,0,0,6000.9,6000.9
S02142,florianopolis,SC,2,2,0,0,695.03,695.03
S02143,montenegro,RS,7,7,0,0,734.57,734.57
S02144,ribeirao preto,SP,6,6,0,0,473.07,473.07
S02145,sa~o paulo,SP,25,25,0,1948.41,1948.41,3896.82
S02149,botucatu,SP,11,11,0,0,964.08,964.08
S02151,armacao dos buzios,RJ,1,1,0,35.74,0,35.74
S02154,limeira,SP,16,16,0,0,1788.68,1788.68
S02155,pradopolis,SP,153,153,0,47322.5,47322.5,94645
S02159,sa~o paulo,SP,1,1,0,0,96.88,96.88
S02176,imbituba,SC,11,11,0,1313.84,1313.84,2627.68
S02177,sa~o paulo,SP,93,93,0,0,5723.99,5723.99
S02178,extrema,MG,5,5,0,0,1428.22,1428.22
S02190,curitiba,PR,2,2,0,0,237.67,237.67
S02192,sa~o paulo,SP,8,8,0,0,457.03,457.03
S02194,santo andre,SP,63,63,0,5411.02,5411.02,10822.04
S02195,arapongas,PR,11,11,0,638.93,0,638.93
S02199,santos,SP,5,5,0,354.89,354.89,709.78
S02203,santo antonio da patrulha,RS,2,2,414.79,0,0,414.79
S02204,curitiba,PR,6,6,0,872.3,872.3,1744.6
S02207,jacarei,SP,8,8,0,588.85,588.85,1177.7
S02208,São Bernardo do Campo,SP,11,11,0,0,1692.03,1692.03
S02212,São Bernardo do Campo,SP,26,26,0,3398.93,3398.93,6797.86
S02216,sa~o paulo,SP,9,9,0,0,637.75,637.75
S02223,uba,MG,63,63,0,9999.75,9999.75,19999.5
S02224,macae,RJ,39,39,0,26368.49,26368.49,52736.98
S02226,formosa do oeste,PR,10,10,0,1564.47,1564.47,3128.94
S02227,sa~o paulo,SP,3,3,0,572.17,0,572.17
S02228,sa~o paulo,SP,14,14,0,0,1677.95,1677.95
S02230,Brasilia,DF,2,2,0,0,382.47,382.47
S02231,sa~o paulo,SP,85,85,0,0,7385.41,7385.41
S02245,americana,SP,1,1,0,50.1,0,50.1
S02249,sa~o paulo,SP,5,5,0,0,514.36,514.36
S02253,rio de janeiro,RJ,11,11,0,3519.45,3519.45,7038.9
S02254,floranopolis,SC,2,2,0,0,52.62,52.62
S02257,goiania,GO,1,1,0,0,139.53,139.53
S02258,sa~o paulo,SP,69,69,0,4613.52,4613.52,9227.04
S02259,atibaia,SP,16,16,0,651.77,651.77,1303.54
S02260,santo andre,SP,2,2,0,0,93.55,93.55
S02261,sao joao da boa vista,SP,2,2,0,0,355.39,355.39
S02272,sa~o paulo,SP,5,5,0,0,168.2,168.2
S02280,guarulhos,SP,8,8,0,507.62,507.62,1015.24
S02281,ribeirao preto,SP,12,12,0,0,594.13,594.13
S02295,ibirite,MG,1,1,0,0,125.64,125.64
S02299,guarulhos,SP,64,64,0,0,5075.45,5075.45
S02303,sa~o paulo,SP,29,29,0,0,1213.03,1213.03
S02127,sorocaba,SP,84,84,6108.11,6108.11,6108.11,18324.33
S02128,estancia velha,RS,11,11,0,0,900.54,900.54
S02130,sa~o paulo,SP,10,10,0,0,772.37,772.37
S02132,sa~o paulo,SP,1,1,0,0,984.81,984.81
S02133,divinopolis,MG,24,24,0,7549.55,7549.55,15099.1
S02134,carazinho,RS,53,53,0,0,10172,10172
S02135,sa~o paulo,SP,17,17,0,1569.24,0,1569.24
S02139,campo grande,MS,19,19,3860.41,3860.41,0,7720.82
S02141,sao caetano do sul,SP,7,7,0,0,499.58,499.58
S02157,sao jose do rio preto,SP,68,68,0,13606.81,13606.81,27213.62
S02158,sa~o paulo,SP,4,4,0,5396.25,5396.25,10792.5
S02160,ibitinga,SP,44,44,0,5759.02,5759.02,11518.04
S02162,ribeirao preto,SP,3,3,0,95.24,0,95.24
S02163,tanabi,SP,9,9,0,624.48,0,624.48
S02164,goiania,GO,44,44,0,0,8733.61,8733.61
S02165,franca,SP,2,2,0,150.14,0,150.14
S02169,Belo Horizonte,MG,5,5,0,1110.01,1110.01,2220.02
S02173,sa~o paulo,SP,5,5,0,0,779.66,779.66
S02180,echapora,SP,40,40,2837.53,2837.53,2837.53,8512.59
S02182,rio do sul,SC,7,7,0,0,1372.93,1372.93
S02183,Brasilia,DF,11,11,0,1422.63,1422.63,2845.26
S02184,sa~o paulo,SP,1,1,0,0,88.81,88.81
S02185,venancio aires,RS,2,2,0,0,659.72,659.72
S02189,sa~o paulo,SP,1,1,0,0,21.28,21.28
S02191,garulhos,SP,17,17,0,0,603.99,603.99
S02202,duque de caxias,RJ,2,2,0,70.42,0,70.42
S02206,sa~o paulo,SP,4,4,0,220.56,0,220.56
S02210,sao caetano do sul,SP,33,33,0,0,41145.02,41145.02
S02211,sa~o paulo,SP,24,24,0,2494.03,2494.03,4988.06
S02222,São José dos Pinhais,PR,34,34,0,4349.98,4349.98,8699.96
S02235,sorocaba,SP,6,6,0,0,802.58,802.58
S02239,sao jose,SC,6,6,0,334.42,0,334.42
S02243,blumenau,SC,1,1,0,0,186.41,186.41
S02244,jacarei,SP,42,42,0,7833.39,7833.39,15666.78
S02246,sa~o paulo,SP,1,1,0,55.72,0,55.72
S02247,Belo Horizonte,MG,9,9,0,1829.47,1829.47,3658.94
S02248,sa~o paulo,SP,19,19,0,915.95,915.95,1831.9
S02252,rio de janeiro,RJ,2,2,0,0,1328.5,1328.5
S02256,betim,MG,36,36,0,6428.66,6428.66,12857.32
S02265,campinas,SP,21,21,0,2194.26,2194.26,4388.52
S02269,santo andre,SP,24,24,0,0,1393.31,1393.31
S02270,birigui,SP,7,7,0,374.91,374.91,749.82
S02271,sa~o paulo,SP,1,1,0,0,30.82,30.82
S02285,rio de janeiro,RJ,7,7,0,0,1013.59,1013.59
S02289,sa~o paulo,SP,22,22,0,3415.2,3415.2,6830.4
S02293,ribeirao preto,SP,2,2,0,157.51,157.51,315.02
S02294,imbituva,PR,3,3,0,0,443.07,443.07
S02296,toledo,PR,1,1,0,0,83.26,83.26
S02297,piracicaba,SP,15,15,0,846.08,846.08,1692.16
S02298,jaragua do sul,SC,7,7,0,3182.52,0,3182.52
S02305,piracicaba,SP,1,1,0,0,37.16,37.16
S02307,sa~o paulo,SP,35,35,0,4179.54,4179.54,8359.08
S02310,serra negra,SP,117,117,0,22476.46,22476.46,44952.92
S02311,rio de janeiro,RJ,6,6,0,678.24,0,678.24
S02312,limeira,SP,5,5,0,0,242.74,242.74
S02316,ribeirao preto,SP,9,9,0,1376.74,1376.74,2753.48
S02320,niteroi,RJ,3,3,0,158.13,0,158.13
S02322,paracambi,RJ,1,1,0,0,143.98,143.98
S02325,guaruja,SP,3,3,0,520.84,0,520.84
S02327,piracicaba,SP,6,6,0,336.75,0,336.75
S02344,sa~o paulo,SP,9,9,0,491.21,0,491.21
S02349,sa~o paulo,SP,2,2,0,101.68,0,101.68
S02354,brusque,SC,122,122,0,0,19108.6,19108.6
S02355,criciuma,SC,9,9,0,0,774.16,774.16
S01454,itu,SP,5,5,0,0,260.87,260.87
S01457,birigui,SP,2,2,0,2630.68,0,2630.68
S01459,Brasilia,DF,14,14,0,713.53,713.53,1427.06
S01460,ribeirao preto,SP,6,6,0,644.78,644.78,1289.56
S01461,sorocaba,SP,2,2,0,353.63,0,353.63
S01464,xaxim,SC,2,2,0,410.42,410.42,820.84
S01467,São Bernardo do Campo,SP,134,134,0,8436.48999999999,8436.48999999999,16872.98
S01476,osasco,SP,9,9,0,1745.99,1745.99,3491.98
S01481,recife,PE,6,6,0,3068.85,3068.85,6137.7
S01484,sa~o paulo,SP,2,2,0,0,152.04,152.04
S01487,marilia,SP,33,33,0,2394.46,0,2394.46
S01489,rio de janeiro,RJ,24,24,0,11113.2,11113.2,22226.4
S01490,ribeirao preto,SP,2,2,0,653.75,0,653.75
S01494,sa~o paulo,SP,2,2,0,329.61,0,329.61
S01497,rio de janeiro,RJ,1,1,0,116.04,0,116.04
S01498,cascavel,PR,143,143,0,19105.14,19105.14,38210.28
S01501,londrina,PR,1,1,112.78,0,0,112.78
S01506,sa~o paulo,SP,1166,1166,0,162213.67,162213.67,324427.34
S01510,laranjal paulista,SP,222,222,0,19313.06,0,19313.06
S01513,ibitinga,SP,170,170,0,0,24445.08,24445.08
S01514,rio bonito,RJ,2,2,0,0,237.6,237.6
S01517,sa~o paulo,SP,97,97,0,11035.16,11035.16,22070.32
S01519,sao jose do rio preto,SP,22,22,0,10561.09,10561.09,21122.18
S01523,osasco,SP,11,11,0,0,491.01,491.01
S01541,ribeirao preto,SP,566,566,0,0,121037.02,121037.02
S01542,barra velha,SC,5,5,0,0,451.38,451.38
S01546,sa~o paulo,SP,5,5,0,0,207.38,207.38
S01554,cascavel,PR,2,2,0,0,380.17,380.17
S01555,campo grande,MS,5,5,0,0,1171.96,1171.96
S01557,Belo Horizonte,MG,23,23,0,1473.63,0,1473.63
S01558,cambe,PR,1,1,0,242.03,0,242.03
S01564,Brasilia,DF,24,24,0,1689.35,1689.35,3378.7
S01567,criciuma,SC,20,20,0,4471.92,4471.92,8943.84
S01568,sa~o paulo,SP,22,22,0,3818.56,3818.56,7637.12
S01569,valinhos,SP,5,5,0,0,353.01,353.01
S01571,sa~o paulo,SP,3,3,0,0,122.98,122.98
S01572,mogi mirim,SP,38,38,0,0,2377.83,2377.83
S01576,guarulhos,SP,16,16,0,0,1403.38,1403.38
S01585,sa~o paulo,SP,1,1,0,126.34,0,126.34
S01588,florianopolis,SC,2,2,0,433.92,0,433.92
S01590,sao carlos,SP,16,16,0,1413.4,1413.4,2826.8
S01594,tiete,SP,11,11,1783.89,1783.89,0,3567.78
S01597,São José dos Pinhais,PR,73,73,0,11235.27,11235.27,22470.54
S01599,presidente prudente,SP,46,46,0,0,4201.48,4201.48
S01608,marilia,SP,21,21,2815.72,2815.72,0,5631.44
S01613,araraquara,SP,66,66,0,44207.42,44207.42,88414.84
S01614,sa~o paulo,SP,44,44,0,5188.34,5188.34,10376.68
S01619,rio de janeiro,RJ,5,5,0,806.88,806.88,1613.76
S01622,vila velha,SP,1,1,0,105.74,0,105.74
S01625,mage,RJ,47,47,6629.79,6629.79,6629.79,19889.37
S01627,congonhal,MG,100,100,0,23869.54,23869.54,47739.08
S01632,blumenau,SC,1,1,0,30.66,0,30.66
S01635,atibaia,SP,32,32,0,0,3025.93,3025.93
S01637,lencois paulista,SP,10,10,0,0,837.13,837.13
S01641,Belo Horizonte,MG,510,510,23411.53,23411.53,23411.53,70234.59
S01648,rio de janeiro,RJ,19,19,0,1691.17,1691.17,3382.34
S01656,pocos de caldas,MG,49,49,0,3740.49,3740.49,7480.98
S01663,sa~o paulo,SP,15,15,0,0,963.06,963.06
S01664,nhandeara,SP,1,1,0,0,313.61,313.61
S01666,bom jesus dos perdoes,SP,3,3,203.48,203.48,0,406.96
S01669,curitiba,PR,5,5,0,394.46,394.46,788.92
S01678,sa~o paulo,SP,95,95,0,5336.43,5336.43,10672.86
S01686,osasco,SP,7,7,0,1540.2,1540.2,3080.4
S01693,jaci,SP,2,2,0,416.21,0,416.21
S02304,sa~o paulo,SP,2,2,0,155.25,0,155.25
S02308,sa~o paulo,SP,36,36,0,0,2248.86,2248.86
S02309,ribeirao preto,SP,4,4,0,665.46,0,665.46
S02315,sa~o paulo,SP,2,2,0,0,4874.32,4874.32
S02317,sao carlos,SP,43,43,0,0,2662.92,2662.92
S02324,laurentino,SC,1,1,0,0,37.56,37.56
S02329,garca,SP,17,17,0,0,5252.84,5252.84
S02330,sa~o paulo,SP,1,1,34.62,0,0,34.62
S02331,sa~o paulo,SP,1,1,0,0,451.28,451.28
S02336,rio de janeiro,RJ,1,1,0,24,0,24
S02343,rio de janeiro,RJ,1,1,0,0,73.89,73.89
S02348,curitiba,PR,2,2,0,565.9,0,565.9
S02353,ribeirao preto,SP,3,3,0,0,223.52,223.52
S02358,sa~o paulo,SP,9,9,0,5993.92,5993.92,11987.84
S02360,sa~o paulo,SP,12,12,0,765,765,1530
S02361,guara,SP,247,247,0,40504.15,40504.15,81008.3
S02366,curitiba,PR,280,280,0,45612.77,45612.77,91225.54
S02370,apucarana,PR,3,3,0,0,514.93,514.93
S02372,osasco,SP,11,11,0,628.63,0,628.63
S02375,sao caetano do sul,SP,4,4,0,376.59,0,376.59
S02377,vera cruz,SP,2,2,0,141.33,0,141.33
S02380,fortaleza,CE,11,11,0,0,1136.52,1136.52
S02381,curitiba,PR,15,15,0,2046.89,2046.89,4093.78
S02386,neopolis,SE,5,5,0,695.59,695.59,1391.18
S02393,guarulhos,SP,41,41,0,0,13652.89,13652.89
S02398,imbe,RS,9,9,0,3628.17,3628.17,7256.34
S02402,sa~o paulo,SP,10,10,0,682.12,682.12,1364.24
S02410,concordia,SC,24,24,0,4050.79,4050.79,8101.58
S02422,porto alegre,RS,2,2,0,0,971.28,971.28
S02431,campo largo,PR,58,58,0,12299.77,12299.77,24599.54
S02434,tocantins,SP,1,1,0,96.1,0,96.1
S02435,itaipulandia,PR,9,9,0,1286,0,1286
S02437,arapongas,PR,1,1,0,1350.5,0,1350.5
S02443,sa~o paulo,SP,7,7,0,1267.48,0,1267.48
S02446,paulinia,SP,10,10,0,318.31,318.31,636.62
S02448,sa~o paulo,SP,50,50,0,0,3826.83,3826.83
S02452,sa~o paulo,SP,78,78,0,8151.26,8151.26,16302.52
S02458,sa~o paulo,SP,207,207,14153.68,14153.68,14153.68,42461.0400000001
S02461,sumare,SP,10,10,0,1014.62,1014.62,2029.24
S02463,avare,SP,1,1,0,0,60.19,60.19
S02464,pocos de caldas,MG,2,2,0,0,70.18,70.18
S02465,sa~o paulo,SP,2,2,0,0,507.43,507.43
S02467,rio claro,SP,2,2,0,265.51,0,265.51
S02469,sa~o paulo,SP,12,12,0,4888.68,4888.68,9777.36
S02470,florianopolis,SC,1,1,0,540.28,0,540.28
S02474,niteroi,RJ,1,1,0,0,1789.02,1789.02
S02477,santana de parnaiba,SP,2,2,0,422.25,0,422.25
S02481,curitiba,PR,27,27,0,5583.24,5583.24,11166.48
S02484,sao jose do rio preto,SP,55,55,0,0,7471.83,7471.83
S02485,curitiba,PR,2,2,0,508.63,0,508.63
S02487,pato bragado,PR,3,3,0,231.96,0,231.96
S02489,blumenau,SC,1,1,0,0,596.56,596.56
S02496,nova odessa,SP,12,12,0,0,880.23,880.23
S02498,ribeirao preto,SP,126,126,0,19652.35,19652.35,39304.7
S02505,suzano,SP,1,1,0,63.52,0,63.52
S02508,cotia,SP,15,15,0,0,483.06,483.06
S02511,sa~o paulo,SP,25,25,0,0,2770.93,2770.93
S02516,rio de janeiro,RJ,5,5,0,0,397,397
S02522,uba,MG,16,16,0,6417.86,6417.86,12835.72
S02525,sa~o paulo,SP,20,20,0,0,2228.11,2228.11
S02528,cotia,SP,17,17,0,0,2641.44,2641.44
S02533,sa~o paulo,SP,3,3,0,0,354.37,354.37
S02540,curitiba,PR,1,1,0,136.04,0,136.04
S02544,jacutinga,MG,12,12,0,0,1477.38,1477.38
S02547,ibitinga,SP,98,98,0,5472.44,5472.44,10944.88
S02357,mesquita,RJ,19,19,0,1462.73,1462.73,2925.46
S02359,lencois paulista,SP,1,1,0,0,218.95,218.95
S02363,rio de janeiro,RJ,2,2,0,0,165.5,165.5
S02368,sa~o paulo,SP,1,1,0,0,30.13,30.13
S02371,curitiba,PR,7,7,0,358.97,358.97,717.94
S02376,mogi das cruzes,SP,4,4,0,0,5760.96,5760.96
S02383,indaiatuba,SP,13,13,0,0,13211.87,13211.87
S02388,guaruja,SP,7,7,0,0,1052.35,1052.35
S02394,atibaia,SP,1,1,0,0,332.25,332.25
S02399,registro,SP,45,45,0,0,13682.25,13682.25
S02400,caxias do sul,RS,14,14,0,0,1951.73,1951.73
S02411,pacatuba,CE,1,1,0,224.75,0,224.75
S02414,maringa,PR,4,4,0,229.83,229.83,459.66
S02417,sa~o paulo,SP,1,1,0,0,1511.86,1511.86
S02420,Belo Horizonte,MG,4,4,519.83,0,0,519.83
S02427,sa~o paulo,SP,15,15,0,0,736.2,736.2
S02433,pitangueiras,SP,1,1,0,0,93.53,93.53
S02436,sa~o paulo,SP,1,1,0,148.68,0,148.68
S02438,petropolis,RJ,14,14,0,971.01,971.01,1942.02
S02439,itaquaquecetuba,SP,84,84,0,13633.63,13633.63,27267.26
S02442,sorocaba,SP,8,8,0,0,862.43,862.43
S02466,barueri,SP,1,1,0,49.12,0,49.12
S02468,sa~o paulo,SP,51,51,0,3691.03,3691.03,7382.06
S02471,bady bassitt,SP,16,16,0,3115.85,0,3115.85
S02473,vila velha,ES,11,11,0,0,1008.97,1008.97
S02475,santa rita do sapucai,MG,68,68,0,10554.49,10554.49,21108.98
S02476,sa~o paulo,SP,10,10,0,705.56,0,705.56
S02483,divinopolis,MG,36,36,0,0,5510.11,5510.11
S02486,ibitinga,SP,763,763,73641.12,73641.12,73641.12,220923.36
S02488,sombrio,SC,12,12,0,12785.73,0,12785.73
S02492,taubate,SP,26,26,0,3051.29,3051.29,6102.58
S02501,mirassol,SP,17,17,0,0,1321.86,1321.86
S02502,sa~o paulo,SP,7,7,0,0,496.03,496.03
S02506,rio de janeiro,RJ,1,1,0,0,174.21,174.21
S02513,04482255,RJ,1,1,0,416.45,0,416.45
S02521,sa~o paulo,SP,9,9,0,15150.37,15150.37,30300.74
S02526,ilheus,BA,18,18,8676.31,8676.31,8676.31,26028.93
S02530,sa~o paulo,SP,13,13,1367.92,1367.92,0,2735.84
S02534,sa~o paulo,SP,9,9,0,1121.92,1121.92,2243.84
S02537,sao jose dos campos,SP,6,6,0,0,550.51,550.51
S02539,curitiba,PR,1,1,0,254.01,0,254.01
S02542,nova lima,MG,11,11,0,1348.53,1348.53,2697.06
S02545,rio de janeiro,RJ,1,1,0,0,298.05,298.05
S02548,londrina,PR,39,39,0,31954.84,31954.84,63909.68
S02551,massaranduba,SC,17,17,0,0,2715.1,2715.1
S02552,americana,SP,1,1,0,0,444.07,444.07
S02556,arapongas,PR,2,2,0,0,196.4,196.4
S02560,aperibe,RJ,19,19,0,1812.61,1812.61,3625.22
S02564,sa~o paulo,SP,2,2,0,0,166.99,166.99
S02567,mococa,SP,34,34,0,2647.67,2647.67,5295.34
S02569,santo andre,SP,11,11,0,0,1247.73,1247.73
S02570,sa~o paulo,SP,2,2,0,63.55,0,63.55
S02573,toledo,PR,12,12,0,652.09,0,652.09
S02580,divinopolis,MG,3,3,0,0,782.23,782.23
S02584,sa~o paulo,SP,7,7,0,0,309.7,309.7
S02587,sa~o paulo,SP,34,34,0,4530.5,4530.5,9061
S02589,curitiba,PR,23,23,0,7497.16,7497.16,14994.32
S02592,cotia,SP,60,60,0,20153.04,20153.04,40306.08
S02595,ribeirao das neves,MG,41,41,0,5781.47,0,5781.47
S02598,salto,SP,93,93,0,0,13141.32,13141.32
S02604,londrina,PR,1,1,0,0,1556.7,1556.7
S02608,sa~o paulo,SP,1,1,0,0,108.72,108.72
S02609,belford roxo,RJ,1,1,0,0,47.14,47.14
S02612,sa~o paulo,SP,1,1,0,0,149.04,149.04
S02549,ibitinga,SP,567,567,0,27892.35,27892.35,55784.7
S02555,sao carlos,SP,9,9,0,0,907.86,907.86
S02558,atibaia,SP,7,7,0,454.66,0,454.66
S02563,divinopolis,MG,28,28,0,5400.39,5400.39,10800.78
S02571,sa~o paulo,SP,1,1,87.29,0,0,87.29
S02576,atibaia,SP,12,12,0,0,1724.81,1724.81
S02583,sa~o paulo,SP,2,2,0,84.2,84.2,168.4
S02590,piracicaba,SP,2,2,0,5766.59,5766.59,11533.18
S02594,rio de janeiro,RJ,16,16,0,0,1164.38,1164.38
S02597,sa~o paulo,SP,14,14,0,0,2233.82,2233.82
S02599,araraquara,SP,6,6,0,6404.34,6404.34,12808.68
S02600,sa~o paulo,SP,2,2,0,0,181.13,181.13
S02601,osasco,SP,29,29,0,12204.57,12204.57,24409.14
S02607,sa~o paulo,SP,4,4,0,381.56,0,381.56
S02614,mandaguacu,PR,6,6,0,0,352.27,352.27
S02618,praia grande,SP,535,535,0,50060.92,50060.92,100121.84
S02619,formiga,MG,77,77,0,0,17403.81,17403.81
S02620,curitiba,PR,14,14,0,3229.52,3229.52,6459.04
S02621,mombuca,SP,33,33,0,3624.01,3624.01,7248.02
S02624,baependi,MG,102,102,0,16014.74,16014.74,32029.48
S02627,porto alegre,RS,174,174,0,9787.16000000001,9787.16000000001,19574.32
S02628,sa~o paulo,SP,55,55,0,0,2062.47,2062.47
S02629,ponta grossa,PR,1,1,0,0,79.08,79.08
S02632,olimpia,SP,3,3,0,0,270.49,270.49
S02635,sa~o paulo,SP,11,11,0,0,914.13,914.13
S02643,santo andre,SP,17,17,0,0,1446.36,1446.36
S02646,sa~o paulo,SP,1,1,0,99.34,0,99.34
S02656,curitiba,PR,4,4,0,362.97,362.97,725.94
S02657,borda da mata,MG,414,414,0,40128.87,40128.87,80257.74
S02662,São José dos Pinhais,PR,1,1,0,0,144.44,144.44
S02665,maringa,PR,4,4,0,0,481.48,481.48
S02672,Belo Horizonte,MG,109,109,12572.04,12572.04,12572.04,37716.12
S02682,campos novos,SC,1,1,0,190.98,0,190.98
S02685,petropolis,RJ,1,1,0,0,175.09,175.09
S02693,sa~o paulo,SP,5,5,0,374.03,0,374.03
S02696,itajai,SC,16,16,0,1946.45,1946.45,3892.9
S02703,curitiba,PR,19,19,0,0,2054,2054
S02723,sa~o paulo,SP,1,1,0,0,928.7,928.7
S02730,maua,SP,202,202,0,13809.58,0,13809.58
S02732,rolandia,PR,39,39,0,7600.25,7600.25,15200.5
S02736,engenheiro coelho,SP,16,16,0,0,979.83,979.83
S02737,sa~o paulo,SP,3,3,0,7114.69,0,7114.69
S02738,sa~o paulo,SP,3,3,0,0,1405.83,1405.83
S02741,sa~o paulo,SP,3,3,0,182.04,0,182.04
S02744,joinville,SC,7,7,0,0,1584.02,1584.02
S02753,sa~o paulo,SP,2,2,0,0,231.34,231.34
S02754,sao pedro,SP,12,12,0,0,1464.06,1464.06
S02760,Belo Horizonte,MG,2,2,0,0,870.21,870.21
S02762,rio de janeiro,RJ,7,7,0,0,1167.23,1167.23
S02765,maringa,PR,3,3,0,356.34,356.34,712.68
S02766,nova iguacu,RJ,1,1,0,0,250.88,250.88
S02767,limeira,SP,245,245,0,10794.9,10794.9,21589.8
S02768,sa~o paulo,SP,121,121,16398.86,16398.86,16398.86,49196.58
S02769,santo andre,SP,3,3,0,153.04,153.04,306.08
S02778,sa~o paulo,SP,13,13,0,643.55,0,643.55
S02780,sa~o paulo,SP,63,63,0,5442.12,5442.12,10884.24
S02782,sa~o paulo,SP,8,8,0,0,796.47,796.47
S02785,sa~o paulo,SP,1,1,0,0,28.29,28.29
S02786,sa~o paulo,SP,24,24,0,1212.56,1212.56,2425.12
S02787,sa~o paulo,SP,1,1,0,0,43.28,43.28
S02788,sa~o paulo,SP,7,7,0,0,4158.58,4158.58
S02789,sa~o paulo,SP,1,1,0,27.82,0,27.82
S02791,chapeco,SC,4,4,0,0,805.83,805.83
S02794,sa~o paulo,SP,24,24,0,10022.07,10022.07,20044.14
S02804,itapevi,SP,26,26,0,0,4300.73,4300.73
S01694,curitiba,PR,18,18,0,1933.62,1933.62,3867.24
S01696,curitiba,PR,6,6,0,946.26,946.26,1892.52
S01699,curitiba,PR,13,13,0,2617.14,0,2617.14
S01701,contagem,MG,8,8,0,0,1342.23,1342.23
S01714,assis,SP,86,86,0,5477.25,5477.25,10954.5
S01718,sumare,SP,9,9,0,0,808.03,808.03
S01719,blumenau,SC,109,109,7152.86,7152.86,7152.86,21458.58
S01723,horizontina,RS,2,2,0,785.75,0,785.75
S01724,carapicuiba,SP,2,2,0,0,364.93,364.93
S01727,anapolis,GO,2,2,0,0,182.37,182.37
S01729,andradas,MG,24,24,0,13036.56,0,13036.56
S01733,caucaia,CE,27,27,0,3347.25,3347.25,6694.5
S01737,sa~o paulo,SP,16,16,0,0,1888.64,1888.64
S01741,curitiba,PR,4,4,0,0,316.12,316.12
S01750,sorocaba,SP,2,2,0,1417.6,1417.6,2835.2
S01752,criciuma,SC,1,1,0,2028.75,0,2028.75
S01755,barueri,SP,78,78,0,4615.76,4615.76,9231.52
S01756,sa~o paulo,SP,7,7,0,840.33,0,840.33
S01758,ipatinga,MG,15,15,0,3039.12,3039.12,6078.24
S01760,tiradentes,MG,15,15,0,2313.38,2313.38,4626.76
S01762,sa~o paulo,SP,5,5,0,0,8483.35,8483.35
S01766,sa~o paulo,SP,22,22,1089.86,1089.86,0,2179.72
S01768,laranjal paulista,SP,3,3,0,0,397.13,397.13
S01771,sa~o paulo,SP,4,4,0,369.42,369.42,738.84
S01780,blumenau,SC,1,1,0,0,179.12,179.12
S01782,maringa,PR,1,1,0,0,72.18,72.18
S01785,curitiba,PR,23,23,0,4894.36,4894.36,9788.72
S01786,sa~o paulo,SP,4,4,0,389.22,389.22,778.44
S01788,rodeio,SC,9,9,0,989.58,989.58,1979.16
S01794,palhoca,SC,6,6,0,0,1028.66,1028.66
S01798,São Bernardo do Campo,SP,8,8,0,367,367,734
S01799,sa~o paulo,SP,345,345,0,10901.32,10901.32,21802.64
S01802,curitiba,PR,1,1,0,152.47,0,152.47
S01809,sa~o paulo,SP,3,3,0,125.93,0,125.93
S01811,porto alegre,RS,3,3,0,0,824.18,824.18
S01813,santo andre,SP,5,5,0,1195.15,0,1195.15
S01820,sa~o paulo,SP,1,1,0,0,168.29,168.29
S01827,varginha,MG,22,22,0,10148.77,10148.77,20297.54
S01830,palotina,PR,1,1,0,0,28.22,28.22
S01837,sao jose dos campos,SP,71,71,0,3907.7,3907.7,7815.4
S01838,sa~o paulo,SP,63,63,0,19957.01,19957.01,39914.02
S01842,ibia,MG,38,38,0,4214.6,4214.6,8429.2
S01849,araraquara,SP,33,33,0,3559.68,3559.68,7119.36
S01854,sa~o paulo,SP,1,1,0,0,97.78,97.78
S01855,lorena,SP,5,5,0,598.87,598.87,1197.74
S01856,rio verde,GO,15,15,0,0,4399.79,4399.79
S01863,sa~o paulo,SP,100,100,0,4110.22,4110.22,8220.44
S01864,sarandi,PR,2,2,0,0,211.67,211.67
S01865,sa~o paulo,SP,2,2,0,187.42,0,187.42
S01866,macae,RJ,1,1,0,36.7,0,36.7
S01872,sa~o paulo,SP,1,1,0,0,36.45,36.45
S01879,luziania,GO,16,16,0,2720.93,2720.93,5441.86
S01884,janauba,MG,1,1,0,373.82,0,373.82
S01885,sa~o paulo,SP,48,48,0,2094.41,2094.41,4188.82
S01886,vicente de carvalho,SP,174,174,0,9606.43,9606.43,19212.86
S01891,sa~o paulo,SP,4,4,0,1526.92,1526.92,3053.84
S01893,São José dos Pinhais,PR,2,2,0,0,118.37,118.37
S01906,curitiba,PR,1,1,0,195.43,0,195.43
S01909,birigui,SP,5,5,0,0,583.23,583.23
S01912,ibitinga,SP,2,2,0,0,85.53,85.53
S01913,sa~o paulo,SP,10,10,0,434.28,434.28,868.56
S01914,leme,SP,5,5,0,349.49,349.49,698.98
S01925,foz do iguacu,PR,10,10,0,508.12,508.12,1016.24
S01927,joinville,SC,73,73,0,18148.25,18148.25,36296.5
S01928,sao leopoldo,RS,11,11,5176.3,5176.3,5176.3,15528.9
S02615,sa~o paulo,SP,4,4,0,0,134.31,134.31
S02633,bady bassitt,SP,3,3,0,0,744.81,744.81
S02636,sa~o paulo,SP,9,9,0,1757.81,1757.81,3515.62
S02640,mogi das cruzes,SP,1,1,0,0,57.69,57.69
S02641,São Bernardo do Campo,SP,1,1,0,0,775.98,775.98
S02647,Belo Horizonte,MG,40,40,0,2900.45,2900.45,5800.9
S02648,brusque,SC,9,9,0,0,1121.83,1121.83
S02650,sao sebastiao,SP,47,47,0,0,9416.2,9416.2
S02651,sa~o paulo,SP,137,137,0,5101.69,5101.69,10203.38
S02654,jaguariuna,SP,1,1,0,0,120.78,120.78
S02658,franca,SP,1,1,0,218.13,0,218.13
S02659,sa~o paulo,SP,85,85,0,5606.11,5606.11,11212.22
S02663,cachoeirinha,RS,55,55,0,21666.55,21666.55,43333.1
S02666,Belo Horizonte,MG,4,4,0,0,905.55,905.55
S02675,barretos,SP,41,41,0,3778.91,3778.91,7557.82
S02683,sa~o paulo,SP,1,1,0,0,219.27,219.27
S02686,sa~o paulo,SP,3,3,0,827.97,827.97,1655.94
S02690,recife,PE,342,342,0,0,59172.54,59172.54
S02691,sarandi,PR,10,10,0,0,978.09,978.09
S02694,jaragua do sul,SC,2,2,0,0,105.64,105.64
S02697,sa~o paulo,SP,5,5,0,0,387.68,387.68
S02698,loanda,PR,28,28,4187.63,4187.63,4187.63,12562.89
S02710,sa~o paulo,SP,29,29,0,5539.28,0,5539.28
S02712,sa~o paulo,SP,4,4,0,178.66,0,178.66
S02716,campinas,SP,8,8,0,0,1117.19,1117.19
S02718,sa~o paulo,SP,3,3,0,0,199.31,199.31
S02728,guarulhos,SP,10,10,0,0,812.73,812.73
S02731,sa~o paulo,SP,5,5,0,15200.56,0,15200.56
S02734,ipaussu,SP,68,68,0,8257.43,8257.43,16514.86
S02735,Brasilia,DF,31,31,0,2652.47,2652.47,5304.94
S02739,São Bernardo do Campo,SP,7,7,0,0,539.4,539.4
S02743,arapongas,PR,1,1,0,0,596.77,596.77
S02761,sao carlos,SP,3,3,0,0,533.86,533.86
S02764,curitiba,PR,71,71,0,31246.83,31246.83,62493.66
S02770,fazenda rio grande,PR,4,4,0,0,141.64,141.64
S02772,joinville,SC,4,4,0,269.56,0,269.56
S02775,brusque,SC,4,4,0,2353.44,2353.44,4706.88
S02776,sa~o paulo,SP,15,15,0,0,647.11,647.11
S02777,pelotas,RS,8,8,0,344.53,0,344.53
S02779,Belo Horizonte,MG,1,1,0,343.9,0,343.9
S02781,guarulhos,SP,43,43,0,1979.17,1979.17,3958.34
S02784,rio claro,SP,12,12,0,1899.96,1899.96,3799.92
S02793,santo andre,SP,29,29,0,2849.55,2849.55,5699.1
S02802,ferraz de  vasconcelos,SP,2,2,0,0,149.22,149.22
S02809,jussara,PR,88,88,0,14110.41,14110.41,28220.82
S02810,novo horizonte,SP,31,31,0,0,7086.13,7086.13
S02817,sa~o paulo,SP,34,34,0,10332.19,10332.19,20664.38
S02818,petropolis,RJ,4,4,0,0,978.43,978.43
S02822,sa~o paulo,SP,1,1,0,141.39,0,141.39
S02827,sa~o paulo,SP,4,4,0,0,89.61,89.61
S02828,santos,SP,19,19,0,0,573.4,573.4
S02829,sa~o paulo,SP,3,3,0,0,372.32,372.32
S02831,palhoca,SC,3,3,0,0,318.4,318.4
S02833,campinas,SP,9,9,0,0,1846.15,1846.15
S02844,salvador,BA,2,2,0,0,108,108
S02845,paulinia,SP,11,11,0,3925.46,3925.46,7850.92
S02852,lencois paulista,SP,87,87,0,9571.21,9571.21,19142.42
S02859,limeira,SP,12,12,0,0,3897.31,3897.31
S02861,itatiba,SP,36,36,0,4881.38,4881.38,9762.76
S02863,curitiba,PR,16,16,1428.11,0,0,1428.11
S02866,indaial,SC,4,4,0,0,3686.68,3686.68
S02870,santos,SP,15,15,0,0,748.78,748.78
S02871,mogi guacu,SP,8,8,0,483.45,0,483.45
S02881,sa~o paulo,SP,25,25,0,3822.3,3822.3,7644.6
S01935,contagem,MG,3,3,0,1039.47,0,1039.47
S01937,ibitinga,SP,1,1,0,79.56,0,79.56
S01938,taubate,SP,17,17,0,0,1454.54,1454.54
S01946,franca,SP,16,16,0,1269.55,1269.55,2539.1
S01950,sapiranga,RS,1,1,0,46.01,0,46.01
S01951,curitiba,PR,4,4,0,0,248.64,248.64
S01960,sorocaba,SP,1,1,0,0,135.49,135.49
S01961,jundiai,SP,8,8,0,948.53,948.53,1897.06
S01963,sorocaba,SP,66,66,0,3324.45,3324.45,6648.9
S01964,sa~o paulo,SP,9,9,0,0,910.88,910.88
S01976,barra mansa,RJ,1,1,0,120.3,0,120.3
S01979,sao jose do rio preto,SP,44,44,0,9163.96,9163.96,18327.92
S01980,florianopolis,SC,10,10,0,422.26,422.26,844.52
S01981,curitiba,PR,3,3,0,270.54,270.54,541.08
S01990,sao bernardo do capo,SP,2,2,0,218.75,0,218.75
S01991,orlandia,SP,1,1,0,0,153.54,153.54
S01992,salvador,BA,34,34,0,5036.2,5036.2,10072.4
S01993,ibitinga,SP,138,138,0,15788.42,15788.42,31576.84
S01994,curitiba,PR,26,26,0,5577.74,5577.74,11155.48
S02004,blumenau,SC,8,8,0,1246.51,1246.51,2493.02
S02005,sa~o paulo,SP,98,98,0,9749.48,9749.48,19498.96
S02012,ji parana,RO,8,8,0,1621.13,1621.13,3242.26
S02016,socorro,SP,21,21,0,0,1937.95,1937.95
S02018,campo mourao,PR,55,55,0,16120.66,16120.66,32241.32
S02024,sa~o paulo,SP,1,1,0,0,249.08,249.08
S02025,sa~o paulo,SP,134,134,0,15474.38,15474.38,30948.76
S02026,presidente prudente,SP,6,6,0,1041.04,1041.04,2082.08
S02030,mandaguari,PR,2,2,0,1013.7,0,1013.7
S02033,itirapina,SP,4,4,0,0,373.07,373.07
S02039,vila velha,ES,1,1,0,0,410.91,410.91
S02041,serra,ES,6,6,0,0,405.27,405.27
S02047,nilopolis,RJ,24,24,0,3697.51,3697.51,7395.02
S02060,santo andre,SP,48,48,0,3678.07,3678.07,7356.14
S02063,timbo,SC,108,108,11461.62,11461.62,11461.62,34384.86
S02067,tupa,SP,2,2,0,53.83,0,53.83
S02069,paraiso do sul,RS,5,5,0,403.43,403.43,806.86
S02078,canoas,RS,104,104,0,15792.23,15792.23,31584.46
S02079,ribeirao preto,SP,4,4,0,0,833.77,833.77
S02080,aruja,SP,8,8,0,971.43,971.43,1942.86
S02083,sa~o paulo,SP,10,10,0,551.37,551.37,1102.74
S02089,curitiba,PR,11,11,0,829.75,829.75,1659.5
S02091,novo hamburgo,RS,1,1,0,80.89,0,80.89
S02100,claudio,MG,20,20,0,1307.74,1307.74,2615.48
S02102,rio de janeiro,RJ,5,5,0,0,379.48,379.48
S02103,franca,SP,1,1,0,141.53,0,141.53
S02111,mateus leme,MG,24,24,0,7978.39,7978.39,15956.78
S02114,bauru,SP,1,1,0,0,32.84,32.84
S02120,birigui,SP,2,2,0,250.89,0,250.89
S02122,campinas,SP,11,11,0,769,769,1538
S02124,guarulhos,SP,7,7,0,1024.63,1024.63,2049.26
S02125,sa~o paulo,SP,10,10,0,421.27,0,421.27
S02129,ribeirao preto,SP,55,55,4849.41,4849.41,4849.41,14548.23
S02137,sa~o paulo,SP,18,18,0,25185.49,0,25185.49
S02138,sao goncalo,RJ,107,107,0,9067.59,9067.59,18135.18
S02150,sa~o paulo,SP,9,9,0,1105.33,0,1105.33
S02152,caxias do sul,RS,45,45,0,29380.49,29380.49,58760.98
S02153,araguari,MG,33,33,3266.78,3266.78,0,6533.56
S02166,ipira,SC,4,4,0,0,1526.76,1526.76
S02167,sa~o paulo,SP,4,4,0,0,478.42,478.42
S02168,sorocaba,SP,2,2,0,0,101.99,101.99
S02186,itapecerica da serra,SP,1,1,0,0,85.27,85.27
S02187,ribeirao preto,SP,1,1,0,0,103.7,103.7
S02188,florianopolis,SC,16,16,0,1188.28,0,1188.28
S02193,sa~o paulo,SP,1,1,0,87.82,0,87.82
S02205,florianopolis,SC,2,2,0,1090.02,0,1090.02
S02805,pato branco,PR,8,8,0,365.29,0,365.29
S02806,votuporanga,SP,2,2,0,0,287.51,287.51
S02812,sa~o paulo,SP,41,41,3911.04,3911.04,0,7822.08
S02819,praia grande,SP,660,660,0,48301.52,48301.52,96603.04
S02824,joinville,SC,3,3,0,0,174.61,174.61
S02825,sa~o paulo,SP,10,10,0,5481.98,5481.98,10963.96
S02830,florianopolis,SC,3,3,0,0,357.35,357.35
S02837,sa~o paulo,SP,1169,1169,0,53064.5099999998,53064.5099999998,106129.02
S02838,messias targino,RN,1,1,0,0,125.64,125.64
S02841,sa~o paulo,SP,3,3,0,0,84.01,84.01
S02843,sa~o paulo,SP,9,9,0,5787.94,5787.94,11575.88
S02846,embu guacu,SP,19,19,0,661.84,661.84,1323.68
S02854,ribeirao preto,SP,3,3,0,302.06,0,302.06
S02855,armacao dos buzios,RJ,3,3,0,296.41,0,296.41
S02856,sa~o paulo,SP,4,4,0,0,107.42,107.42
S02860,florianopolis,SC,2,2,0,0,91.8,91.8
S02872,teresopolis,RJ,168,168,0,82719.99,82719.99,165439.98
S02877,ponta grossa,PR,3,3,0,998.41,0,998.41
S02878,ribeirao preto,SP,47,47,0,0,3108.38,3108.38
S02880,sa~o paulo,SP,1,1,0,0,244.02,244.02
S02891,sa~o paulo,SP,327,327,0,14449.12,14449.12,28898.2400000001
S02893,joinville,SC,43,43,0,5481.98,5481.98,10963.96
S02896,aracatuba,SP,51,51,0,3280.19,3280.19,6560.38
S02906,catanduva,SP,1,1,39.09,0,0,39.09
S02909,osasco,SP,11,11,0,1101.41,0,1101.41
S02912,cambe,PR,1,1,0,0,152.99,152.99
S02913,sa~o paulo,SP,2,2,0,558.07,0,558.07
S02914,sa~o paulo,SP,16,16,0,0,2436.8,2436.8
S02915,santo andre,SP,9,9,0,0,358.22,358.22
S02917,brusque,SC,2,2,0,0,410.75,410.75
S02918,carapicuiba,SP,36,36,0,6610.07,6610.07,13220.14
S02925,curitiba,PR,15,15,0,7877.96,7877.96,15755.92
S02926,sa~o paulo,SP,1,1,0,0,34.59,34.59
S02927,cachoeirinha,RS,8,8,0,0,1484.9,1484.9
S02928,sa~o paulo,SP,54,54,0,2795.26,2795.26,5590.52
S02930,sa~o paulo,SP,4,4,0,3762.08,0,3762.08
S02931,bariri,SP,3,3,0,1788.34,0,1788.34
S02956,sa~o paulo,SP,10,10,0,3188.24,3188.24,6376.48
S02959,maringa,PR,209,209,0,20368.19,20368.19,40736.38
S02960,guarulhos,SP,83,83,0,0,7125.33,7125.33
S02961,santo andre,SP,18,18,0,1553.95,1553.95,3107.9
S02970,pedreira,SP,20,20,0,3358.19,3358.19,6716.38
S02971,São Bernardo do Campo,SP,119,119,0,56138.01,56138.01,112276.02
S02972,sorocaba,SP,19,19,0,654.44,654.44,1308.88
S02973,sa~o paulo,SP,1,1,92.97,0,0,92.97
S02974,taruma,SP,13,13,0,0,2115.83,2115.83
S02980,pilar do sul,SP,26,26,0,3501.69,3501.69,7003.38
S02981,marechal candido rondon,PR,5,5,0,0,247.02,247.02
S02999,maringa,PR,7,7,0,2986.87,2986.87,5973.74
S03012,sorocaba,SP,5,5,0,0,225.61,225.61
S03013,santo antonio de posse,SP,16,16,0,4157.02,4157.02,8314.04
S03016,sa~o paulo,SP,2,2,0,298.37,0,298.37
S03019,orleans,SC,1,1,0,0,236.79,236.79
S03020,rio de janeiro,RJ,2,2,0,0,833.15,833.15
S03037,pelotas,RS,1,1,0,31.82,0,31.82
S03041,maua,SP,1,1,0,0,172.04,172.04
S03044,salvador,BA,5,5,0,0,606.96,606.96
S03045,sa~o paulo,SP,2,2,0,190.16,190.16,380.32
S03054,sa~o paulo,SP,3,3,0,0,633.63,633.63
S03055,votorantim,SP,3,3,0,122.57,0,122.57
S03060,curitiba,PR,35,35,0,4921.27,4921.27,9842.54
S03067,osasco,SP,17,17,0,2752.44,2752.44,5504.88
S03084,sa~o paulo,SP,11,11,0,669.18,669.18,1338.36
S03085,guarulhos,SP,9,9,0,7188.62,0,7188.62
S02883,sa~o paulo,SP,2,2,0,0,352.56,352.56
S02886,bauru,SP,4,4,0,240.44,240.44,480.88
S02894,uberaba,MG,5,5,0,1086.6,0,1086.6
S02895,nova iguacu,RJ,1,1,0,262.1,0,262.1
S02902,tubarao,SC,1,1,1227.78,0,0,1227.78
S02905,santa terezinha de itaipu,PR,22,22,0,1575.91,1575.91,3151.82
S02907,pirassununga,SP,1,1,0,0,102.09,102.09
S02908,maua,SP,69,69,0,4300.36,4300.36,8600.72
S02910,sa~o paulo,SP,1,1,0,0,43.39,43.39
S02911,sa~o paulo,SP,2,2,0,0,86.26,86.26
S02922,sa~o paulo,SP,4,4,0,1087.99,0,1087.99
S02923,santana de parnaiba,SP,2,2,0,180.53,0,180.53
S02924,porto alegre,RS,17,17,0,1881.32,1881.32,3762.64
S02946,ribeirao preto,SP,1,1,0,0,28.29,28.29
S02947,pinhalzinho,SC,2,2,0,0,262.78,262.78
S02948,Brasilia,DF,87,87,0,12170,12170,24340
S02949,sa~o paulo,SP,15,15,0,0,1828.59,1828.59
S02952,São Bernardo do Campo,SP,6,6,0,299.28,299.28,598.56
S02955,sao jose do rio preto,SP,1,1,0,0,62.87,62.87
S02957,braganca paulista,SP,5,5,0,410.91,410.91,821.82
S02958,piracicaba,SP,188,188,0,24666.58,24666.58,49333.16
S02995,São Bernardo do Campo,SP,220,220,0,69864.9400000001,69864.9400000001,139729.88
S02996,ibitinga,SP,1,1,0,0,77.75,77.75
S02997,ibitinga,SP,72,72,0,3797.88,3797.88,7595.76
S02998,novo hamburgo,RS,3,3,0,487.44,0,487.44
S03001,palhoca,SC,10,10,0,1144.83,1144.83,2289.66
S03004,porto ferreira,SP,3,3,0,0,541.06,541.06
S03005,sa~o paulo,SP,6,6,0,363.41,363.41,726.82
S03008,campanha,MG,1,1,0,106.39,0,106.39
S03010,sa~o paulo,SP,21,21,0,1680.99,1680.99,3361.98
S03017,lorena,SP,5,5,0,0,1350.14,1350.14
S03021,sumare,SP,2,2,0,51.36,0,51.36
S03024,icara,SC,57,57,7355.99,7355.99,7355.99,22067.97
S03025,sumare,SP,586,586,0,204084.73,204084.73,408169.46
S03030,pedreira,SP,1,1,0,55.85,0,55.85
S03042,campinas,SP,5,5,0,178.01,0,178.01
S03046,sa~o paulo,SP,4,4,0,230.52,0,230.52
S03048,sa~o paulo,SP,4,4,0,171.88,171.88,343.76
S03051,limeira,SP,3,3,0,548.27,548.27,1096.54
S03058,sao jose do rio preto,SP,13,13,0,2572.34,2572.34,5144.68
S03064,arinos,MG,9,9,0,771.09,0,771.09
S03065,campinas,SP,297,297,0,68702.69,68702.69,137405.38
S03071,campinas,SP,6,6,0,0,1215.96,1215.96
S03074,pedreira,SP,110,110,0,9208.74,9208.74,18417.48
S03075,nova friburgo,RJ,9,9,0,0,2897.95,2897.95
S03078,niteroi,RJ,1,1,50.86,0,0,50.86
S03081,curitiba,PR,7,7,0,0,529.16,529.16
S03088,londrina,PR,18,18,0,0,3206.98,3206.98
S03090,guarulhos,SP,29,29,0,0,1934.58,1934.58
S02209,maua,SP,8,8,0,0,855.05,855.05
S02213,blumenau,SC,9,9,0,0,1499.6,1499.6
S02214,duque de caxias,RJ,12,12,0,7334.1,7334.1,14668.2
S02217,curitiba,PR,4,4,0,419.67,0,419.67
S02218,ibitinga,SP,6,6,0,0,388.49,388.49
S02225,sa~o paulo,SP,6,6,0,517.62,517.62,1035.24
S02229,sa~o paulo,SP,1,1,0,0,198.69,198.69
S02232,sa~o paulo,SP,15,15,0,0,959.35,959.35
S02236,sa~o paulo,SP,2,2,0,0,353.26,353.26
S02240,rio de janeiro,RJ,1,1,0,289.04,0,289.04
S02241,porto ferreira,SP,1,1,0,0,93.13,93.13
S02255,sa~o paulo,SP,17,17,0,12028.79,12028.79,24057.58
S02262,curitiba,PR,1,1,0,0,105.34,105.34
S02273,ibitinga,SP,3,3,0,0,246.22,246.22
S02274,assis,SP,45,45,0,4880.54,4880.54,9761.08
S02276,guarulhos,SP,14,14,0,0,3573.36,3573.36
S02277,sa~o paulo,SP,1,1,0,31.78,0,31.78
S02278,Brasilia,DF,87,87,0,8686.72,8686.72,17373.44
S02282,bauru,SP,13,13,0,826.2,826.2,1652.4
S02290,Brasilia,DF,7,7,0,0,545.62,545.62
S02291,lencois paulista,SP,5,5,0,328.36,0,328.36
S02313,cajamar,SP,197,197,0,29005.22,29005.22,58010.44
S02314,campo magro,PR,1,1,0,0,301.95,301.95
S02318,rio de janeiro,RJ,1,1,0,0,557.72,557.72
S02319,curitiba,PR,7,7,0,1197.94,1197.94,2395.88
S02323,florianopolis,SC,4,4,0,0,185.01,185.01
S02328,sa~o paulo,SP,3,3,0,257.4,0,257.4
S02332,sa~o paulo,SP,2,2,0,83.52,0,83.52
S02335,sa~o paulo,SP,3,3,0,76.33,76.33,152.66
S02337,santo andre,SP,3,3,0,0,430.71,430.71
S02340,itajai,SC,9,9,0,705.47,705.47,1410.94
S02341,sa~o paulo,SP,2,2,0,0,255.04,255.04
S02346,rio de janeiro,RJ,4,4,0,172.65,172.65,345.3
S02351,salto,SP,122,122,0,15431.87,15431.87,30863.74
S02356,porto alegre,RS,2,2,0,212.57,0,212.57
S02362,sa~o paulo,SP,3,3,0,0,894.7,894.7
S02365,sa~o paulo,SP,12,12,0,0,17057.28,17057.28
S02367,mogi guacu,SP,13,13,0,0,1967.58,1967.58
S02374,assis,SP,7,7,0,696.08,0,696.08
S02379,sorocaba,SP,8,8,0,0,10128.88,10128.88
S02382,paulinia,SP,9,9,0,4658.39,0,4658.39
S02385,tiradentes,MG,1,1,0,0,340.48,340.48
S02387,sa~o paulo,SP,1,1,0,98.31,0,98.31
S02391,curitiba,PR,10,10,0,0,1591.78,1591.78
S02396,sa~o paulo,SP,3,3,0,0,100.01,100.01
S02403,sa~o paulo,SP,59,59,0,15196.12,15196.12,30392.24
S02405,hortolandia,SP,302,302,0,0,36306.9299999999,36306.9299999999
S02406,sa~o paulo,SP,4,4,0,0,491.33,491.33
S02408,fortaleza,CE,1,1,0,0,72.52,72.52
S02409,guanambi,BA,21,21,0,0,17413.86,17413.86
S02412,sao miguel do oeste,SC,1,1,0,0,55.79,55.79
S02426,sa~o paulo,SP,26,26,0,1438.89,0,1438.89
S02428,pocos de caldas,MG,30,30,0,2302.26,2302.26,4604.52
S02430,São Bernardo do Campo,SP,1,1,0,53.61,0,53.61
S02441,porto belo,SC,7,7,0,0,1068.46,1068.46
S02444,angra dos reis,RJ,1,1,0,0,68.32,68.32
S02445,novo hamburgo,RS,1,1,0,0,36.56,36.56
S02447,Brasilia,DF,14,14,5229.62,5229.62,0,10459.24
S02449,itapecerica da serra,SP,128,128,0,11819.64,11819.64,23639.28
S02453,sando andre,SP,14,14,0,0,1885,1885
S02455,maringa,PR,6,6,0,0,565.48,565.48
S02456,São Bernardo do Campo,SP,6,6,0,0,165.24,165.24
S02459,indaiatuba,SP,76,76,5412.43,5412.43,5412.43,16237.29
S02460,brusque,SC,3,3,0,108.02,108.02,216.04
S02480,sa~o paulo,SP,1,1,0,0,20.19,20.19
S02491,curitiba,PR,65,65,0,3633.54,3633.54,7267.08
S02493,sa~o paulo,SP,45,45,0,2661.07,2661.07,5322.14
S02494,nova friburgo,RJ,1,1,0,0,625.33,625.33
S02495,birigui,SP,1,1,0,0,98.56,98.56
S02499,rio de janeiro,RJ,31,31,0,4606.47,4606.47,9212.94
S02500,juiz de fora,MG,5,5,0,2612.56,2612.56,5225.12
S02504,sa~o paulo,SP,136,136,10166.73,10166.73,10166.73,30500.19
S02507,ribeirao preto,SP,1,1,0,0,31.69,31.69
S02509,curitiba,PR,19,19,0,0,5289.05,5289.05
S02512,sa~o paulo,SP,205,205,0,0,57596.79,57596.79
S02515,guaruja,SP,39,39,0,7903.73,7903.73,15807.46
S02518,eusebio,CE,1,1,90.23,0,0,90.23
S02520,sa~o paulo,SP,1,1,0,12.22,0,12.22
S02524,contagem,MG,12,12,0,0,3490.89,3490.89
S02527,rio de janeiro,RJ,80,80,0,14467.17,14467.17,28934.34
S02529,sao bento,PB,9,9,0,0,964.99,964.99
S02531,sa~o paulo,SP,80,80,4329.37,4329.37,4329.37,12988.11
S02536,Belo Horizonte,MG,1,1,0,0,72.96,72.96
S02543,ibitinga,SP,225,225,0,30663.6,30663.6,61327.2
S02550,Belo Horizonte,MG,1,1,0,305.69,0,305.69
S02553,sa~o paulo,SP,2,2,0,0,177.42,177.42
S02554,nova odessa,SP,1,1,0,0,61.94,61.94
S02557,porto seguro,BA,15,15,0,1774.94,1774.94,3549.88
S02559,jundiai,SP,10,10,0,2574.91,2574.91,5149.82
S02561,Brasilia,DF,20,20,0,2101.82,2101.82,4203.64
S02566,São José dos Pinhais,PR,1,1,0,0,201.34,201.34
S02572,sa~o paulo,SP,30,30,0,1713.13,1713.13,3426.26
S02575,guaratingueta,SP,1,1,61.16,0,0,61.16
S02578,pompeia,SP,19,19,0,6648.92,6648.92,13297.84
S02581,sa~o paulo,SP,65,65,0,0,5665.9,5665.9
S02586,santo andre,SP,7,7,0,0,1945.29,1945.29
S02593,artur nogueira,SP,3,3,0,559.95,0,559.95
S02603,curitiba,PR,10,10,0,0,619.14,619.14
S02606,atibaia,SP,2,2,0,0,55.98,55.98
S02610,sa~o paulo,SP,1,1,0,0,63.29,63.29
S02611,formosa,GO,1,1,0,0,169.01,169.01
S02617,sa~o paulo,SP,3,3,0,0,516.91,516.91
S02623,sa~o paulo,SP,19,19,0,942.96,0,942.96
S02626,sao caetano do sul,SP,29,29,0,2362.92,2362.92,4725.84
S02634,juiz de fora,MG,8,8,0,0,421.25,421.25
S02638,igrejinha,RS,2,2,0,258.13,0,258.13
S02639,sa~o paulo,SP,1,1,0,103.37,0,103.37
S02642,sao pedro da aldeia,RJ,13,13,0,0,984.58,984.58
S02645,sa~o paulo,SP,8,8,0,0,1573.77,1573.77
S02653,sa~o paulo,SP,1,1,0,0,148.15,148.15
S02669,osvaldo cruz,SP,1,1,0,0,98.34,98.34
S02670,cachoeira do sul,RS,3,3,0,0,359.03,359.03
S02671,cascavel,PR,1,1,0,108.6,0,108.6
S02674,cachoeiro de itapemirim,ES,4,4,0,0,1962.41,1962.41
S02678,curitiba,PR,2,2,0,3023.31,0,3023.31
S02679,sa~o paulo,SP,124,124,0,10752.67,10752.67,21505.34
S02684,rio de janeiro,RJ,10,10,0,434.69,434.69,869.38
S02688,sa~o paulo,SP,177,177,0,28647.95,28647.95,57295.9
S02689,rio de janeiro,RJ,7,7,408.57,408.57,0,817.14
S02692,sa~o paulo,SP,1,1,0,65.11,0,65.11
S02695,cruzeiro,SP,93,93,0,7815.02,7815.02,15630.04
S02701,sa~o paulo,SP,14,14,0,0,2707.12,2707.12
S02704,São Bernardo do Campo,SP,34,34,0,6845.98,6845.98,13691.96
S02705,sa~o paulo,SP,2,2,0,1043.43,0,1043.43
S02707,sa~o paulo,SP,1,1,0,0,234.4,234.4
S02709,santos,SP,54,54,0,5577.33,5577.33,11154.66
S02713,sa~o paulo,SP,43,43,0,6836.11,6836.11,13672.22
S03092,curitiba,PR,18,18,0,2439.23,2439.23,4878.46
S03093,mirassol,SP,14,14,0,2259.55,2259.55,4519.1
S02721,guarulhos,SP,9,9,0,540.03,540.03,1080.06
S02724,duque de caxias,RJ,12,12,0,0,1149.78,1149.78
S02740,sa~o paulo,SP,3,3,0,0,106.27,106.27
S02742,sa~o paulo,SP,2,2,0,108.73,0,108.73
S02745,rio de janeiro,RJ,7,7,0,0,278.22,278.22
S02746,sa~o paulo,SP,1,1,0,0,327.39,327.39
S02747,curitiba,PR,25,25,0,3832.73,3832.73,7665.46
S02748,aracatuba,SP,14,14,0,1132.1,1132.1,2264.2
S02749,brejao,PE,35,35,0,4789.01,4789.01,9578.02
S02751,sao jose do rio preto,SP,2,2,0,0,106.46,106.46
S02755,carapicuiba,SP,4,4,0,0,996.84,996.84
S02757,sa~o paulo,SP,2,2,0,0,484.34,484.34
S02759,marilia,SP,1,1,0,0,57.47,57.47
S02773,amparo,SP,1,1,0,141.42,0,141.42
S02790,blumenau,SC,1,1,0,144.47,0,144.47
S02792,Belo Horizonte,MG,1,1,0,34.1,0,34.1
S02795,ubatuba,SP,18,18,0,1703.14,0,1703.14
S02796,guarulhos,SP,6,6,0,0,180.56,180.56
S02797,curitiba,PR,17,17,0,4705.28,4705.28,9410.56
S02799,aracatuba,SP,8,8,0,336.49,0,336.49
S02801,sa~o paulo,SP,19,19,0,1203.75,1203.75,2407.5
S02803,teresopolis,RJ,57,57,0,0,53856.82,53856.82
S02814,sa~o paulo,SP,1,1,0,3009.53,0,3009.53
S02815,itapecerica da serra,SP,2,2,0,0,338.63,338.63
S02816,bauru,SP,23,23,0,1995.33,1995.33,3990.66
S02821,uberlandia,MG,22,22,0,3047.24,3047.24,6094.48
S02823,maringa,PR,218,218,0,31140.43,31140.43,62280.86
S02826,sa~o paulo,SP,131,131,0,6281.59,6281.59,12563.18
S02832,sao  paulo,SP,50,50,0,10929.79,10929.79,21859.58
S02839,Belo Horizonte,MG,9,9,0,528.3,528.3,1056.6
S02840,sa~o paulo,SP,1,1,0,27.01,0,27.01
S02851,londrina,PR,1,1,0,325.33,0,325.33
S02853,ribeirao preto,SP,1,1,0,0,66.89,66.89
S02862,sa~o paulo,SP,8,8,0,1662.85,1662.85,3325.7
S02867,sa~o paulo,SP,2,2,65.83,0,0,65.83
S02868,sa~o paulo,SP,33,33,0,12087.32,12087.32,24174.64
S02869,londrina,PR,7,7,1643.84,1643.84,0,3287.68
S02879,curitiba,PR,1,1,0,0,327.25,327.25
S02882,goiania,GO,1,1,0,6726.66,0,6726.66
S02887,botucatu,SP,23,23,0,2584.25,2584.25,5168.5
S02888,sao goncalo,RJ,130,130,0,17207.77,17207.77,34415.54
S02889,rio de janeiro,RJ,20,20,0,0,1233.12,1233.12
S02890,araraquara,SP,9,9,0,892.54,892.54,1785.08
S02916,sa~o paulo,SP,29,29,0,0,6892.73,6892.73
S02919,artur nogueira,SP,5,5,0,869.44,0,869.44
S02929,itaquaquecetuba,SP,8,8,0,0,574.84,574.84
S02932,sa~o paulo,SP,8,8,0,7785.48,7785.48,15570.96
S02933,sa~o paulo,SP,192,192,0,11945.11,11945.11,23890.22
S02934,ponta grossa,PR,2,2,0,177.94,0,177.94
S02935,presidente getulio,SC,1,1,0,219.06,0,219.06
S02937,itauna,MG,1,1,0,169,0,169
S02940,fernandopolis,SP,9,9,0,2117.55,2117.55,4235.1
S02941,vitoria,ES,7,7,0,769.38,769.38,1538.76
S02962,sa~o paulo,SP,110,110,4306.73,4306.73,0,8613.46
S02963,cascavel,PR,20,20,0,6671.2,0,6671.2
S02964,penapolis,SP,4,4,0,0,507.13,507.13
S02975,porto ferreira,SP,18,18,2474.55,2474.55,0,4949.1
S02976,rio do sul,SC,9,9,0,1586.73,0,1586.73
S02977,rio de janeiro,RJ,3,3,0,1328.18,0,1328.18
S02978,barueri,SP,3,3,0,4874.36,4874.36,9748.72
S02982,vicosa,MG,32,32,0,0,26790.59,26790.59
S02983,votorantim,SP,17,17,0,1180.85,1180.85,2361.7
S02984,ararangua,SC,5,5,0,594.58,0,594.58
S02985,sa~o paulo,SP,2,2,0,161.8,0,161.8
S01023,indaiatuba,SP,5,5,0,839.35,839.35,1678.7
S01029,curitiba,PR,20,20,0,1667.08,0,1667.08
S01030,sa~o paulo,SP,1,1,0,179.46,0,179.46
S01033,foz do iguacu,PR,81,81,0,12562.9,12562.9,25125.8
S01039,guarulhos,SP,3,3,0,441.6,0,441.6
S01042,morrinhos,GO,13,13,0,1123.57,0,1123.57
S01044,joinville,SC,2,2,0,0,433.72,433.72
S01045,sao joao del rei,MG,39,39,0,4617.97,0,4617.97
S01046,bauru,SP,15,15,0,0,2249.25,2249.25
S01048,sa~o paulo,SP,7,7,0,282.76,282.76,565.52
S01061,sorocaba,SP,3,3,0,194.24,0,194.24
S01072,santa rosa,RS,1,1,0,0,166.05,166.05
S01076,navegantes,SC,62,62,0,7283.69,7283.69,14567.38
S01078,bertioga,SP,59,59,0,5031.95,5031.95,10063.9
S01091,presidente prudente,SP,1,1,0,0,880.75,880.75
S01097,sa~o paulo,SP,126,126,23433.66,23433.66,23433.66,70300.98
S01104,campinas,SP,140,140,10671.6,10671.6,10671.6,32014.8
S01116,paranavai,PR,16,16,0,2191.65,2191.65,4383.3
S01121,umuarama,PR,27,27,0,7052.7,7052.7,14105.4
S01127,itajobi,SP,1,1,784.8,0,0,784.8
S01128,uberlandia,MG,2,2,0,183.89,0,183.89
S01131,sa~o paulo,SP,4,4,0,0,1572.28,1572.28
S01137,sa~o paulo,SP,32,32,0,3473.13,3473.13,6946.26
S01138,cotia,SP,24,24,0,514.19,514.19,1028.38
S01144,sa~o paulo,SP,1,1,0,714.91,0,714.91
S01145,sa~o paulo,SP,7,7,0,13636.28,0,13636.28
S01149,santana de parnaiba,SP,12,12,0,4131.27,4131.27,8262.54
S01150,sa~o paulo,SP,1,1,0,0,1370.41,1370.41
S01152,pompeia,SP,5,5,0,0,550.05,550.05
S01153,florianopolis,SC,1,1,0,327.49,0,327.49
S01163,porto alegre,RS,2,2,0,0,274.86,274.86
S01174,ribeirao preto,SP,3,3,0,0,628.59,628.59
S01175,sa~o paulo,SP,28,28,0,4125.46,4125.46,8250.92
S01179,ibitinga,SP,53,53,0,4395.84,4395.84,8791.68
S01180,pinhais/pr,PR,3,3,0,0,1027.96,1027.96
S01182,sa~o paulo,SP,17,17,0,3247.09,3247.09,6494.18
S01183,campinas,SP,29,29,0,0,16375.91,16375.91
S01196,divisa nova,MG,1,1,0,88.09,0,88.09
S01203,sa~o paulo,SP,55,55,10927.37,10927.37,10927.37,32782.11
S01204,sa~o paulo,SP,3,3,0,0,1390.47,1390.47
S01207,sa~o paulo,SP,14,14,2299.33,2299.33,0,4598.66
S01208,curitiba,PR,2,2,0,0,432.12,432.12
S01210,sa~o paulo,SP,2,2,0,0,93.1,93.1
S01211,jundiai,SP,1,1,0,0,420.29,420.29
S01222,itaborai,RJ,17,17,0,663.72,0,663.72
S01232,alvorada,RS,7,7,0,0,592.73,592.73
S01236,sa~o paulo,SP,1982,1982,0,148001.92,148001.92,296003.84
S01243,sa~o paulo,SP,6,6,0,284.31,0,284.31
S01244,morrinhos,GO,19,19,0,2221.39,2221.39,4442.78
S01247,ribeirao preto,SP,2,2,0,181.94,0,181.94
S01248,macatuba,SP,1,1,0,25.69,0,25.69
S01249,Balneário Camboriú,SC,4,4,0,0,194.44,194.44
S01260,ribeirao preto,SP,11,11,0,1101.99,1101.99,2203.98
S01273,São Bernardo do Campo,SP,2,2,0,670.98,670.98,1341.96
S01274,capivari,SP,75,75,0,4941.95,4941.95,9883.9
S01277,osasco,SP,6,6,0,0,677.13,677.13
S01278,guarulhos,SP,83,83,0,0,7049.49,7049.49
S01285,sa~o paulo,SP,1,1,0,0,35.13,35.13
S01290,batatais,SP,35,35,0,4639.42,4639.42,9278.84
S01291,sao sebastiao da grama/sp,SP,1,1,0,0,76.64,76.64
S01303,rio de janeiro,RJ,36,36,0,0,4271.73,4271.73
S01304,niteroi,RJ,19,19,0,1901.77,1901.77,3803.54
S01308,Belo Horizonte,MG,10,10,0,1055.66,0,1055.66
S01309,torres,RS,3,3,0,0,209.88,209.88
S02990,sa~o paulo,SP,26,26,5779.08,5779.08,5779.08,17337.24
S02991,sa~o paulo,SP,24,24,0,0,4748.98,4748.98
S03000,sa~o paulo,SP,120,120,0,11485.45,11485.45,22970.9
S03007,ribeirao preto,SP,2,2,0,158.14,0,158.14
S03011,sa~o paulo,SP,21,21,0,16607.42,16607.42,33214.84
S03014,blumenau,SC,10,10,0,1709.44,1709.44,3418.88
S03015,ferraz de vasconcelos,SP,1,1,0,137.39,0,137.39
S03018,sa~o paulo,SP,9,9,0,0,638.13,638.13
S03023,Belo Horizonte,MG,1,1,0,78.64,0,78.64
S03027,sa~o paulo,SP,333,333,20139.99,20139.99,20139.99,60419.9700000001
S03029,presidente prudente,SP,11,11,0,2635.68,0,2635.68
S03032,sa~o paulo,SP,9,9,0,0,1803.12,1803.12
S03033,bonfinopolis de minas,MG,5,5,0,0,671.54,671.54
S03036,rio de janeiro,RJ,13,13,0,0,1068.56,1068.56
S03038,sao caetano do sul,SP,2,2,0,302.36,0,302.36
S03039,foz do iguacu,PR,22,22,0,2484.3,2484.3,4968.6
S03040,serrana,SP,18,18,0,12758.93,12758.93,25517.86
S03050,guarulhos,SP,62,62,0,8349.08,8349.08,16698.16
S03057,joao pessoa,PB,1,1,0,0,882.87,882.87
S03062,uberaba,MG,1,1,0,71.72,0,71.72
S03063,presidente prudente,SP,8,8,0,0,990.88,990.88
S03069,marica,RJ,11,11,0,1787.94,1787.94,3575.88
S03070,curitiba,PR,3,3,0,0,249.98,249.98
S03077,jambeiro,SP,4,4,0,0,1376.94,1376.94
S03080,santo andre,SP,94,94,0,13855.02,13855.02,27710.04
S03087,itabira,MG,4,4,0,183.53,183.53,367.06
S03091,curitiba,PR,1,1,0,0,79.52,79.52
S03094,amparo,SP,60,60,0,11626.62,11626.62,23253.24
S03095,campinas,SP,20,20,1770.86,1770.86,0,3541.72
S01310,cotia,SP,17,17,0,4113.18,4113.18,8226.36
S01311,jundiai,SP,5,5,0,0,726.82,726.82
S01312,sa~o paulo,SP,3,3,0,0,321.02,321.02
S01322,santa maria,RS,1,1,0,0,1255.71,1255.71
S01325,presidente prudente,SP,115,115,0,10562.45,10562.45,21124.9
S01327,uberlandia,MG,9,9,0,0,752.51,752.51
S01335,curitiba,PR,3,3,0,477.01,0,477.01
S01337,maringa,PR,19,19,0,651.68,651.68,1303.36
S01343,rio de janeiro,RJ,9,9,0,586.73,0,586.73
S01348,sorocaba,SP,7,7,0,0,638.31,638.31
S01351,sa~o paulo,SP,13,13,0,932.36,932.36,1864.72
S01356,sa~o paulo,SP,9,9,0,486.2,0,486.2
S01361,pinhalao,PR,11,11,0,0,985.04,985.04
S01366,canoinhas,SC,128,128,9088.17,9088.17,9088.17,27264.51
S01373,Belo Horizonte,MG,12,12,0,1143.24,1143.24,2286.48
S01374,birigui,SP,61,61,0,5121.34,5121.34,10242.68
S01378,caruaru,PE,1,1,0,0,63.08,63.08
S01381,mogi das cruzes,SP,1,1,0,53.72,0,53.72
S01386,rolandia,PR,136,136,27157.45,27157.45,27157.45,81472.3499999999
S01390,amparo,SP,22,22,0,0,2100.98,2100.98
S01391,curitiba,PR,4,4,0,0,1213.03,1213.03
S01396,serra negra,SP,62,62,0,5081.1,5081.1,10162.2
S01401,curitiba,PR,4,4,0,548.75,0,548.75
S01406,limeira,SP,15,15,0,0,2835.11,2835.11
S01409,ibitinga,SP,11,11,0,0,2327.3,2327.3
S01412,sa~o paulo,SP,92,92,0,9127.64,9127.64,18255.28
S01413,araguari,MG,342,342,0,39847.63,39847.63,79695.2600000001
S01415,limeira,SP,98,98,0,24505.32,24505.32,49010.64
S01422,lages,SC,2,2,0,1499.72,0,1499.72
S01436,vitoria de santo antao,PE,3,3,0,0,2341.76,2341.76
S01441,sa~o paulo,SP,3,3,0,2084.73,2084.73,4169.46
S01444,ribeirao pires,SP,56,56,0,6301.79,6301.79,12603.58
S01447,rio de janeiro,RJ,11,11,0,1477.82,1477.82,2955.64
S01449,salvador,BA,62,62,0,14440.03,14440.03,28880.06
S01450,goiania,GO,43,43,0,2074.51,2074.51,4149.02
S01458,sa~o paulo,SP,17,17,0,0,767.7,767.7
S01468,curitiba,PR,334,334,49606.8,49606.8,49606.8,148820.4
S01471,sa~o paulo,SP,3,3,0,0,242.43,242.43
S01474,Brasilia,DF,18,18,0,0,4092.21,4092.21
S01479,campinas,SP,2,2,0,122.79,0,122.79
S01480,sa~o paulo,SP,21,21,0,8769.53,8769.53,17539.06
S01488,santa cruz do sul,RS,3,3,0,453.44,0,453.44
S01493,sa~o paulo,SP,1,1,0,82.22,0,82.22
S01495,cariacica,ES,5,5,0,0,470.3,470.3
S01502,sa~o paulo,SP,1,1,0,58.62,0,58.62
S01505,rio de janeiro,RJ,18,18,0,1505.47,1505.47,3010.94
S01508,mesquita,RJ,5,5,0,882.07,0,882.07
S01521,tambau,SP,1,1,0,42.49,0,42.49
S01526,sa~o paulo,SP,19,19,0,8114.6,8114.6,16229.2
S01531,sao roque,SP,13,13,0,499.47,499.47,998.94
S01532,campinas,SP,1,1,0,0,38.82,38.82
S01536,itaquaquecetuba,SP,1012,1012,0,182062.35,182062.35,364124.699999999
S01545,sa~o paulo,SP,179,179,0,6167.94,6167.94,12335.88
S01548,sa~o paulo,SP,1,1,0,0,39.99,39.99
S01550,tanabi,SP,7,7,0,0,1397.14,1397.14
S01553,sa~o paulo,SP,334,334,0,62673.94,62673.94,125347.88
S01559,sa~o paulo,SP,93,93,0,6115,6115,12230
S01560,sao caetano do sul,SP,4,4,0,579.89,0,579.89
S01563,Belo Horizonte,MG,98,98,0,12328.96,12328.96,24657.92
S01575,rio de janeiro,RJ,4,4,0,356.96,0,356.96
S01578,taboao da serra,SP,1,1,0,38.39,0,38.39
S01580,blumenau,SP,5,5,0,0,290.95,290.95
S01583,sa~o paulo,SP,4,4,0,203.9,203.9,407.8
S01584,londrina,PR,1,1,0,0,6922.21,6922.21
S01587,sao jose do rio preto,SP,7,7,0,0,1054.78,1054.78
S01589,jundiai,SP,179,179,0,12998.66,12998.66,25997.32
S01593,sorocaba,SP,13,13,0,0,1779.86,1779.86
S01600,sa~o paulo,SP,1,1,0,577,0,577
S01601,maringa,PR,15,15,0,3078.77,3078.77,6157.54
S01612,sa~o paulo,SP,5,5,0,674.33,0,674.33
S01615,sa~o paulo,SP,49,49,0,6003.67,6003.67,12007.34
S01617,itajai,SC,7,7,0,1000.85,1000.85,2001.7
S01628,rio de janeiro,RJ,22,22,0,0,1834.92,1834.92
S01638,itatiba,SP,315,315,0,39530.55,39530.55,79061.1
S01640,barra mansa,RJ,9,9,0,0,501.76,501.76
S01646,goiania,GO,1,1,0,0,64.11,64.11
S01653,viamao,RS,4,4,0,0,331.17,331.17
S01654,blumenau,SC,181,181,0,18810.62,18810.62,37621.24
S01655,palhoca,SC,7,7,0,0,550.36,550.36
S01657,porto alegre,RS,306,306,0,35120.94,35120.94,70241.88
S01659,sa~o paulo,SP,3,3,0,155,155,310
S01665,sa~o paulo,SP,8,8,0,0,7709.86,7709.86
S01667,Belo Horizonte,MG,1,1,0,0,197.72,197.72
S01670,maringa,PR,261,261,0,32192.99,32192.99,64385.98
S01671,braco do norte,SC,20,20,0,2741.12,2741.12,5482.24
S01676,sao carlos,SP,14,14,0,0,1607.68,1607.68
S01683,Brasilia,DF,10,10,0,0,801.81,801.81
S01684,sa~o paulo,SP,6,6,0,0,699.74,699.74
S01689,londrina,PR,8,8,0,0,500.08,500.08
S01692,sao  jose dos pinhais,PR,2,2,0,0,1882.8,1882.8
S01695,sa~o paulo,SP,135,135,7481.41000000001,7481.41000000001,7481.41000000001,22444.23
S01697,sa~o paulo,SP,3,3,0,0,621.56,621.56
S01700,sao caetano do sul,SP,2,2,0,0,196.91,196.91
S01702,goiania,GO,22,22,0,3057.7,3057.7,6115.4
S01705,goioere,SP,1,1,0,0,54.98,54.98
S01706,sao goncalo,RJ,29,29,0,2857.36,2857.36,5714.72
S01713,mesquita,RJ,49,49,0,0,5536.16,5536.16
S01717,sa~o paulo,SP,11,11,0,0,2515.55,2515.55
S01721,Belo Horizonte,MG,5,5,0,2425.25,0,2425.25
S01731,sao jose,SC,2,2,0,162.13,162.13,324.26
S01740,rio de janeiro,RJ,2,2,0,0,229.64,229.64
S01742,mirassol,SP,2,2,0,0,813.28,813.28
S01745,porto alegre,RS,2,2,0,0,182.39,182.39
S01746,juiz de fora,MG,1,1,0,1083.96,0,1083.96
S01748,sao jose dos campos,SP,92,92,0,11968.8,11968.8,23937.6
S01754,sa~o paulo,SP,2,2,0,94.76,0,94.76
S01759,ribeirao preto,SP,8,8,0,4993.4,4993.4,9986.8
S01764,sorocaba,SP,3,3,0,0,188.5,188.5
S01769,marilia,SP,13,13,0,1483.25,1483.25,2966.5
S01770,sa~o paulo,SP,2,2,0,964.89,0,964.89
S01772,salto,SP,88,88,0,31467.94,31467.94,62935.88
S01775,sa~o paulo,SP,47,47,0,8054.92,8054.92,16109.84
S01776,conchal,SP,5,5,0,0,278.67,278.67
S01784,sorocaba,SP,25,25,0,575.74,0,575.74
S01789,tubarao,SC,11,11,0,2545.26,2545.26,5090.52
S01793,sa~o paulo,SP,15,15,0,1468.98,1468.98,2937.96
S01797,sa~o paulo,SP,3,3,0,299.57,0,299.57
S01804,bauru,SP,3,3,174.9,0,0,174.9
S01805,mairipora,SP,21,21,0,2420.11,2420.11,4840.22
S01806,sa~o paulo,SP,1,1,0,129.56,0,129.56
S01810,uberlandia,MG,1,1,0,0,196.11,196.11
S01817,sao roque,SP,1,1,0,0,454.17,454.17
S01818,votuporanga,SP,30,30,0,5822.4,0,5822.4
S01822,sa~o paulo,SP,9,9,0,319.04,319.04,638.08
S01828,sa~o paulo,SP,1,1,0,0,210.02,210.02
S01829,sa~o paulo,SP,9,9,0,746.22,746.22,1492.44
S01832,limeira,SP,30,30,0,0,2277.14,2277.14
S01839,sa~o paulo,SP,1,1,0,0,204.06,204.06
S01844,erechim,RS,2,2,0,521.67,0,521.67
S01845,bom jardim,RJ,2,2,0,0,154.44,154.44
S01846,cravinhos,SP,1,1,0,0,58.99,58.99
S01851,tabatinga,SP,24,24,0,3750.16,3750.16,7500.32
S01853,rio de janeiro,RJ,5,5,0,0,428.5,428.5
S01860,campo largo,PR,5,5,0,471.01,0,471.01
S01861,sao joao del rei,MG,12,12,0,0,1606.63,1606.63
S01874,sa~o paulo,SP,2,2,0,0,181.32,181.32
S01875,franca,SP,66,66,13467,13467,13467,40401
S01876,catanduva,SP,7,7,0,0,1682.22,1682.22
S01881,jaragua,GO,5,5,0,0,436.65,436.65
S01883,fazenda rio grande,PR,43,43,0,5666.6,5666.6,11333.2
S01890,santos,SP,2,2,0,0,88.68,88.68
S01897,contagem,MG,1,1,0,132.06,0,132.06
S01898,coxim,MS,17,17,0,3108.83,3108.83,6217.66
S01915,sorocaba,SP,99,99,0,11406.49,11406.49,22812.98
S01917,aparecida de goiania,GO,74,74,0,11310.21,11310.21,22620.42
S01918,curitiba,PR,13,13,0,0,1012.46,1012.46
S01926,santa rita do sapucai,MG,22,22,0,2419.33,2419.33,4838.66
S01929,ribeirao preto,SP,2,2,0,95.81,0,95.81
S01936,sa~o paulo,SP,6,6,0,1343.65,1343.65,2687.3
S01939,sa~o paulo,SP,398,398,0,30884.77,30884.77,61769.54
S01940,rio de janeiro,RJ,2,2,0,51.02,0,51.02
S01941,sa~o paulo,SP,1,1,0,96.71,0,96.71
S01952,ferraz de vasconcelos,SP,4,4,0,0,1085.18,1085.18
S01953,São José dos Pinhais,PR,2,2,0,108.72,0,108.72
S01954,jundiai,SP,1,1,0,0,1693.31,1693.31
S01955,ilicinea,MG,726,726,0,126475.37,126475.37,252950.74
S01962,sa~o paulo,SP,2,2,0,190.13,0,190.13
S01965,pinhais,PR,1,1,0,0,102.48,102.48
S01967,sao jose dos campos,SP,2,2,0,1238.9,1238.9,2477.8
S01968,maringa,PR,1,1,0,0,55.95,55.95
S01970,santana de parnaiba,SP,3,3,0,0,350.01,350.01
S01971,porto alegre,RS,11,11,0,1130.41,0,1130.41
S01982,sa~o paulo,SP,4,4,0,287.05,0,287.05
S01983,cariacica,ES,1,1,0,137.09,0,137.09
S01984,novo hamburgo,RS,3,3,0,649.55,0,649.55
S01995,são paulo,SP,1,1,0,0,42.13,42.13
S01997,sa~o paulo,SP,171,171,0,27535.41,27535.41,55070.82
S01998,sa~o paulo,SP,67,67,0,8378.77,8378.77,16757.54
S02001,porto alegre,RS,19,19,0,4292.71,4292.71,8585.42
S02007,sumare,SP,1,1,0,0,233.38,233.38
S02014,joinville,SC,1,1,0,0,106.73,106.73
S02015,itajai,SC,3,3,0,0,616.77,616.77
S02021,jarinu,SP,1,1,0,0,38.37,38.37
S02032,marilia,SP,1,1,0,0,108.63,108.63
S02036,mogi das cruzes,SP,5,5,0,1602.42,1602.42,3204.84
S02038,sa~o paulo,SP,2,2,0,0,376,376
S02040,itaquaquecetuba,SP,76,76,14173.83,14173.83,0,28347.66
S02043,São Bernardo do Campo,SP,13,13,0,0,489.12,489.12
S02049,batatais,SP,1,1,0,1025.24,0,1025.24
S02051,rio de janeiro,RJ,4,4,0,191.06,0,191.06
S02057,uberlandia,MG,98,98,0,7953.62,7953.62,15907.24
S02062,São José dos Pinhais,PR,5,5,0,0,490.29,490.29
S02066,colorado,PR,7,7,0,740.91,740.91,1481.82
S02068,sa~o paulo,SP,3,3,0,0,115.14,115.14
S02072,ribeirao preto,SP,12,12,0,1222.6,0,1222.6
S02074,curitiba,PR,2,2,0,6837.24,0,6837.24
S02075,rio de janeiro,RJ,50,50,0,18158.23,18158.23,36316.46
S02076,sa~o paulo,SP,1,1,0,58.94,0,58.94
S02082,santa rosa de viterbo,SP,12,12,0,2646.94,2646.94,5293.88
S02086,sa~o paulo,SP,65,65,0,7981.68,7981.68,15963.36
S02088,tubarao,SC,1,1,0,19.21,0,19.21
S02090,fronteira,MG,46,46,0,5618.4,5618.4,11236.8
S02093,sao jose do rio preto,SP,44,44,0,9279.26,9279.26,18558.52
S02097,brusque,SC,17,17,0,13280.24,13280.24,26560.48
S02099,maua,SP,5,5,0,354.65,0,354.65
S02106,toledo,PR,8,8,0,486.14,0,486.14
S02110,araraquara,SP,21,21,0,0,1873.13,1873.13
S02112,laranjal paulista,SP,6,6,0,0,694.01,694.01
S02113,descalvado,SP,16,16,3496.05,3496.05,3496.05,10488.15
S02115,lagoa da prata,MG,46,46,0,6255.85,6255.85,12511.7
S02119,colatina,ES,4,4,0,0,770.12,770.12
S02123,curitiba,PR,7,7,0,0,1758.28,1758.28
S02131,diadema,SP,44,44,0,7925.33,7925.33,15850.66
S02146,curitiba,PR,30,30,0,10356.89,10356.89,20713.78
S02147,sa~o paulo,SP,338,338,56155.58,56155.58,56155.58,168466.74
S02148,vargem grande do sul,SP,1,1,0,312.49,0,312.49
S02156,curitiba,PR,21,21,0,8051.34,8051.34,16102.68
S02161,londrina,PR,7,7,0,0,4198.4,4198.4
S02170,sa~o paulo,SP,22,22,0,0,3270.82,3270.82
S02171,limeira,SP,158,158,11233.9,11233.9,11233.9,33701.7
S02172,itapevi,SP,33,33,0,6602.49,6602.49,13204.98
S02174,caxias do sul,RS,19,19,0,0,12760.58,12760.58
S02175,sa~o paulo,SP,155,155,0,8658.43,8658.43,17316.86
S02179,praia grande,SP,3,3,0,471.61,471.61,943.22
S02181,porto alegre,RS,2,2,0,282.14,0,282.14
S02196,piracicaba,SP,14,14,0,1710.37,1710.37,3420.74
S02197,sa~o paulo,SP,1,1,0,0,143.25,143.25
S02198,rio de janeiro,RJ,31,31,0,0,2601.87,2601.87
S02200,sa~o paulo,SP,160,160,0,4642.66,4642.66,9285.32000000001
S02201,hortolandia,SP,1,1,0,0,318.3,318.3
S02215,passos,MG,1,1,0,0,106.35,106.35
S02219,itajai,SC,45,45,0,14950.2,14950.2,29900.4
S02220,curitiba,PR,2,2,0,84.65,0,84.65
S02221,parana,PR,2,2,0,0,210.75,210.75
S02233,rio de janeiro,RJ,8,8,0,0,913.71,913.71
S02234,Belo Horizonte,MG,5,5,0,832.22,0,832.22
S02237,santa catarina,SC,1,1,0,0,97.66,97.66
S02238,guarulhos,SP,38,38,0,0,45523.5,45523.5
S02242,sa~o paulo,SP,1,1,34.42,0,0,34.42
S02250,sa~o paulo,SP,2,2,0,143.85,0,143.85
S02251,sa~o paulo,SP,17,17,0,2846.64,2846.64,5693.28
S02263,fortaleza,CE,14,14,0,8622.26,8622.26,17244.52
S02264,mogi das cruzes,SP,12,12,0,0,1416.41,1416.41
S02266,campinas,SP,11,11,0,2930.17,2930.17,5860.34
S02267,pedreira,SP,3,3,0,0,482.85,482.85
S02268,cajamar,SP,2,2,0,0,329.11,329.11
S02275,curitiba,PR,1,1,0,39.46,0,39.46
S02279,sa~o paulo,SP,4,4,0,0,205.19,205.19
S02283,sa~o paulo,SP,89,89,0,11895.19,11895.19,23790.38
S02284,sao bento do sul,SC,1,1,0,0,42.19,42.19
S02286,sa~o paulo,SP,36,36,0,6579.96,6579.96,13159.92
S02287,santa maria da serra,SP,4,4,215.1,215.1,0,430.2
S02288,sa~o paulo,SP,2,2,0,38.48,0,38.48
S02292,birigui,SP,5,5,0,0,150,150
S02300,sa~o paulo,SP,2,2,0,0,249.06,249.06
S02301,valinhos,SP,2,2,0,4184.77,0,4184.77
S02302,sa~o paulo,SP,2,2,0,53.48,0,53.48
S02306,São José dos Pinhais,PR,20,20,0,2268.11,2268.11,4536.22
S02321,santo andre,SP,28,28,0,4094.68,4094.68,8189.36
S02326,sa~o paulo,SP,1,1,0,0,95.65,95.65
S02333,sao jose dos campos,SP,2,2,0,0,68.69,68.69
S02334,mairinque,SP,7,7,0,578.38,0,578.38
S02338,sa~o paulo,SP,3,3,0,77.17,0,77.17
S02339,sa~o paulo,SP,1,1,0,0,19.89,19.89
S02342,almirante tamandare,PR,1,1,0,34.1,0,34.1
S02345,nova friburgo,RJ,14,14,0,6447.12,6447.12,12894.24
S02347,sa~o paulo,SP,14,14,0,1443.45,0,1443.45
S02350,sa~o paulo,SP,13,13,0,2578.7,2578.7,5157.4
S02352,porto ferreira,SP,2,2,0,513.08,0,513.08
S02364,auriflama,SP,6,6,0,0,640.36,640.36
S02369,sa~o paulo,SP,2,2,0,995.78,0,995.78
S02373,rio de janeiro,RJ,1,1,45.01,0,0,45.01
S02378,presidente prudente,SP,17,17,0,0,12038.35,12038.35
S02384,santana de parnaiba,SP,7,7,0,0,838.3,838.3
S02389,sa~o paulo,SP,6,6,0,0,175.14,175.14
S02390,lajeado,RS,3,3,0,0,337.17,337.17
S02392,sao caetano do sul,SP,11,11,0,0,2058.46,2058.46
S02395,contagem,MG,8,8,0,868.64,0,868.64
S02397,portao,RS,17,17,0,1528.41,1528.41,3056.82
S02401,jaboticabal,SP,45,45,0,5059.18,5059.18,10118.36
S02404,sa~o paulo,SP,6,6,0,0,336.94,336.94
S02407,rio de janeiro,RJ,1,1,0,0,50.23,50.23
S02413,taboao da serra,SP,2,2,0,369.77,0,369.77
S02415,artur nogueira,SP,16,16,0,1544.59,1544.59,3089.18
S02416,laurentino,SC,8,8,0,488.75,488.75,977.5
S02418,joinville,SC,4,4,0,0,165.16,165.16
S02419,braganca paulista,SP,2,2,0,135.41,0,135.41
S02421,santo andre,SP,11,11,0,0,768.81,768.81
S02423,abadia de goias,GO,1,1,0,185.88,0,185.88
S02424,guarulhos,SP,354,354,0,49397.13,49397.13,98794.26
S02425,curitiba,PR,9,9,0,3428.52,3428.52,6857.04
S02429,uberaba,MG,42,42,0,16324.86,16324.86,32649.72
S02432,sa~o paulo,SP,4,4,0,260.43,0,260.43
S02440,sa~o paulo,SP,30,30,0,3542.42,3542.42,7084.84
S02450,uberlandia,MG,1,1,0,43.31,0,43.31
S02451,porto alegre,RS,4,4,0,319.98,319.98,639.96
S02454,xanxere,SC,1,1,0,97.71,0,97.71
S02457,jacarei,SP,13,13,0,0,940.26,940.26
S02462,cascavel,PR,27,27,0,0,2590.74,2590.74
S02472,maringa,PR,4,4,0,0,139.03,139.03
S02478,sao jose do rio preto,SP,166,166,0,9782.03,9782.03,19564.06
S02482,santo andre,SP,1720,1720,0,126741.97,126741.97,253483.94
S02490,curitiba,PR,187,187,0,77315.47,77315.47,154630.94
S02497,palhoca,SC,3,3,0,230.54,0,230.54
S02503,jaragua do sul,SC,65,65,0,17157.94,17157.94,34315.88
S02510,baependi,MG,78,78,0,13914.59,13914.59,27829.18
S02514,cordilheira alta,SC,1,1,0,0,76.5,76.5
S02517,serra negra,SP,16,16,0,2534.94,2534.94,5069.88
S02519,sa~o paulo,SP,4,4,0,0,789.54,789.54
S02523,votorantim,SP,156,156,0,14530.81,14530.81,29061.62
S02532,santo andre,SP,68,68,0,0,7918.18,7918.18
S02535,caxias do sul,RS,12,12,0,0,3556.55,3556.55
S02538,pato branco,PR,1,1,0,64.22,0,64.22
S02541,mogi guacu,SP,41,41,0,13141.8,13141.8,26283.6
S02546,apucarana,PR,29,29,0,0,1886.94,1886.94
S02562,itapetininga,SP,1,1,0,339.86,0,339.86
S02565,sa~o paulo,SP,9,9,0,0,3067.41,3067.41
S02568,juzeiro do norte,CE,1,1,0,0,62.11,62.11
S02574,sa~o paulo,SP,17,17,0,998.61,998.61,1997.22
S02577,sa~o paulo,SP,70,70,14944.68,14944.68,14944.68,44834.04
S02579,garopaba,SC,3,3,0,0,94.68,94.68
S02582,sa~o paulo,SP,61,61,0,4013.4,4013.4,8026.8
S02585,formosa,GO,1,1,0,0,107.3,107.3
S02588,centro,MG,6,6,0,298.17,0,298.17
S02591,sa~o paulo,SP,1,1,0,0,56.6,56.6
S02596,ibitinga,SP,81,81,0,5366.65,5366.65,10733.3
S02602,guiricema,MG,4,4,0,433.62,0,433.62
S02605,rio de janeiro,RJ,5,5,0,0,802.61,802.61
S02613,floresta,PR,22,22,0,0,1788.34,1788.34
S02616,sao caetano do sul,SP,2,2,0,229.9,0,229.9
S02622,sa~o paulo,SP,1,1,0,34,0,34
S02625,apucarana,PR,9,9,0,699.74,0,699.74
S02630,sa~o paulo,SP,54,54,0,0,7054.45,7054.45
S02631,sa~o paulo,SP,1,1,0,0,205.65,205.65
S02637,sa~o paulo,SP,4,4,0,684.88,684.88,1369.76
S02644,piracicaba,SP,1438,1438,0,170241.78,170241.78,340483.56
S02649,pinhais,PR,3,3,0,123.73,0,123.73
S02652,rio de janeiro,RJ,16,16,0,1149.86,0,1149.86
S02655,sa~o paulo,SP,109,109,0,8152.95,8152.95,16305.9
S02660,fortaleza,CE,16,16,0,0,8174.8,8174.8
S02661,Belo Horizonte,MG,3,3,0,0,1288.59,1288.59
S02664,ibitinga,SP,239,239,0,28012.44,28012.44,56024.88
S02667,itapeva,SP,7,7,0,0,883.87,883.87
S02668,sa~o paulo,SP,46,46,2396.64,2396.64,0,4793.28
S02673,sa~o paulo,SP,2,2,0,164.85,0,164.85
S02676,joinville,SC,1,1,0,0,81.34,81.34
S02677,sa~o paulo,SP,35,35,0,7425.49,7425.49,14850.98
S02680,lajeado,RS,1,1,0,0,487.38,487.38
S02681,sa~o paulo,SP,2,2,0,233.25,0,233.25
S02687,vargem grande paulista,SP,14,14,0,0,2473.89,2473.89
S02699,cascavel,PR,23,23,0,3062.72,3062.72,6125.44
S02700,farroupilha,RS,1,1,0,55.95,0,55.95
S02702,florianopolis,SC,78,78,0,0,6067.38,6067.38
S02706,osasco,SP,1,1,0,157.3,0,157.3
S02708,sa~o paulo,SP,2,2,0,0,64.12,64.12
S02711,curitiba,PR,28,28,0,5538.22,5538.22,11076.44
S02714,Balneário Camboriú,SC,2,2,0,0,254.98,254.98
S02715,pelotas,RS,1,1,0,0,49.69,49.69
S02717,sa~o paulo,SP,1,1,0,0,25.77,25.77
S02719,santo andre,SP,1,1,0,33.9,0,33.9
S02720,cascavel,PR,1,1,0,76.51,0,76.51
S02722,mogi guacu,SP,1,1,0,217,0,217
S02725,jaguaruna,SC,22,22,0,1092.2,1092.2,2184.4
S02726,sa~o paulo,SP,19,19,0,0,1997.19,1997.19
S02727,braganca paulista,SP,55,55,13786.77,13786.77,13786.77,41360.31
S02729,curitiba,PR,12,12,0,0,1563.9,1563.9
S02733,sao jose do rio preto,SP,14,14,0,0,2286.61,2286.61
S02750,presidente epitacio,SP,7,7,0,787.26,787.26,1574.52
S02752,arapongas,PR,3,3,0,662.05,0,662.05
S02756,toledo,PR,4,4,0,0,441.75,441.75
S02758,diadema,SP,19,19,0,2443.22,2443.22,4886.44
S02763,navegantes,SC,1,1,0,0,57.23,57.23
S02771,sa~o paulo,SP,2,2,0,0,937.71,937.71
S02774,bauru,SP,28,28,0,7363.19,7363.19,14726.38
S02783,goiania,GO,1,1,0,0,136.61,136.61
S02798,ibitinga,SP,3,3,0,157.7,157.7,315.4
S02800,barueri,SP,2,2,0,237.29,0,237.29
S02807,indaiatuba,SP,24,24,0,0,3568.86,3568.86
S02808,Brasilia,DF,8,8,0,0,808.4,808.4
S02811,Santa Bárbara d'Oeste,SP,9,9,0,0,1032.39,1032.39
S02813,blumenau,SC,1,1,0,0,158.97,158.97
S02820,rolandia,PR,1,1,0,0,222.1,222.1
S02834,ibitinga,SP,33,33,0,0,6836.99,6836.99
S02835,guarulhos,SP,11,11,2831.32,2831.32,0,5662.64
S02836,aracatuba,SP,2,2,0,0,139.92,139.92
S02842,diadema,SP,1,1,0,0,31.18,31.18
S02847,rio claro,SP,8,8,0,0,1181.63,1181.63
S02848,recife,PE,1,1,0,0,346.27,346.27
S02849,sa~o paulo,SP,2,2,0,0,400.27,400.27
S02850,sa~o paulo,SP,6,6,0,931.57,931.57,1863.14
S02857,porto ferreira,SP,20,20,0,1204.56,1204.56,2409.12
S02858,rio de janeiro,RJ,2,2,0,0,217.6,217.6
S02864,franca,SP,104,104,0,8661.06,8661.06,17322.12
S02865,guarulhos,SP,25,25,0,4266.14,4266.14,8532.28
S02873,piracicaba,SP,1,1,0,0,58.28,58.28
S02874,sa~o paulo,SP,1,1,0,84.24,0,84.24
S02875,guarulhos,SP,6,6,0,0,1773.39,1773.39
S02876,Brasilia,DF,6,6,0,1173.93,1173.93,2347.86
S02884,lages,SC,84,84,0,46795.28,46795.28,93590.56
S02885,sa~o paulo,SP,7,7,0,622.06,0,622.06
S02892,jau,SP,4,4,0,0,186.82,186.82
S02897,vitoria,ES,5,5,0,0,972.65,972.65
S02898,andradas,MG,31,31,0,4471.06,0,4471.06
S02899,sa~o paulo,SP,1,1,0,313.43,0,313.43
S02900,itajai,SC,5,5,0,4533.87,0,4533.87
S02901,sa~o paulo,SP,3,3,0,0,131.51,131.51
S02903,arvorezinha,RS,22,22,0,4024.13,4024.13,8048.26
S02904,porto alegre,RS,11,11,0,8355.11,8355.11,16710.22
S02920,rio de janeiro,RJ,3,3,0,0,1055.3,1055.3
S02921,sao jose dos campos,SP,9,9,0,0,2552.56,2552.56
S02936,sa~o paulo,SP,93,93,0,9964.54,9964.54,19929.08
S02938,salvador,BA,1,1,0,103.29,0,103.29
S02939,araxa,MG,1,1,0,216.6,0,216.6
S02942,curitiba,PR,1,1,0,78.01,0,78.01
S02943,canoas,RS,2,2,0,0,225.65,225.65
S02944,sa~o paulo,SP,9,9,0,0,4214.29,4214.29
S02945,alvares machado,SP,6,6,0,226.81,0,226.81
S02950,sa~o paulo,SP,79,79,0,4608.79,4608.79,9217.58
S02951,caxias do sul,RS,2,2,0,0,327.1,327.1
S02953,guarulhos,SP,28,28,2362.6,2362.6,0,4725.2
S02954,curitiba,PR,10,10,0,788.9,788.9,1577.8
S02965,itaquaquecetuba,SP,21,21,0,3712.62,3712.62,7425.24
S02966,soledade,RS,1,1,0,0,304.75,304.75
S02967,sa~o paulo,SP,12,12,0,0,726.21,726.21
S02968,fernandopolis,SP,2,2,0,223.2,0,223.2
S02969,sao jose do rio preto,SP,2,2,0,0,422.04,422.04
S02979,atibaia,SP,23,23,0,2709.12,0,2709.12
S02986,curitiba,PR,31,31,5921.8,5921.8,5921.8,17765.4
S02987,carapicuiba,SP,45,45,0,5204.8,5204.8,10409.6
S02988,mairipora,SP,2,2,0,304,304,608
S02989,guarulhos,SP,2,2,0,0,430.08,430.08
S02992,curitiba,PR,62,62,0,2631.9,2631.9,5263.8
S02993,sa~o paulo,SP,5,5,0,0,1002.9,1002.9
S02994,juiz de fora,MG,49,49,0,5733.24,5733.24,11466.48
S03002,rio de janeiro,RJ,90,90,0,7740.45,7740.45,15480.9
S03003,indaiatuba,SP,92,92,0,5721.68,5721.68,11443.36
S03006,salto,SP,670,670,0,58986.2199999999,58986.2199999999,117972.44
S03009,londrina,PR,1,1,0,0,89.46,89.46
S03022,sa~o paulo,SP,7,7,0,442.99,442.99,885.98
S03026,São José dos Pinhais,PR,7,7,0,0,1953.41,1953.41
S03028,santo andre,SP,1,1,194.85,0,0,194.85
S03031,tres coroas,RS,1,1,0,174.68,0,174.68
S03034,rio de janeiro,RJ,32,32,0,0,5636.88,5636.88
S03035,sao jose do rio preto,SP,7,7,0,0,570.37,570.37
S03043,londrina,PR,1,1,0,471.05,0,471.05
S03047,Belo Horizonte,MG,115,115,0,6179.58,0,6179.58
S03049,boituva,SP,1,1,0,111.02,0,111.02
S03052,ribeirao preto,SP,17,17,0,0,3381.42,3381.42
S03053,sa~o paulo,SP,4,4,0,896.06,896.06,1792.12
S03056,sa~o paulo,SP,72,72,0,0,3154.55,3154.55
S03059,sa~o paulo,SP,48,48,0,6937.62,6937.62,13875.24
S03061,pocos de caldas,MG,1,1,0,0,44.51,44.51
S03066,sa~o paulo,SP,7,7,0,2971.55,2971.55,5943.1
S03068,caratinga,MG,3,3,0,445.53,0,445.53
S03072,minas gerais,MG,1,1,0,0,93.54,93.54
S03073,sa~o paulo,SP,1,1,0,0,530.17,530.17
S03076,ribeirao preto,SP,1,1,0,0,261.97,261.97
S03079,sa~o paulo,SP,2,2,0,0,79.65,79.65
S03082,mogi das cruzes,SP,46,46,0,0,7464.12,7464.12
S03083,sa~o paulo,SP,2,2,0,570.34,0,570.34
S03086,sa~o paulo,SP,20,20,0,23695.2,23695.2,47390.4
S03089,americana,SP,10,10,0,0,857.83,857.83
